ano,mes,codigo_rnt,cod_mun,cod_dpto,estado_rnt,razon_social_establecimiento,departamento,municipio,categoria,num_emp1,sub_categoria,habitaciones,camas
2024,3,1939,20001,20,ACTIVO,CAJA DE COMPENSACION FAMILIAR DEL CESAR  COMFACESAR,CESAR,VALLEDUPAR,OFICINAS DE REPRESENTACION TURÍSTICA,3,OFICINA DE REPRESENTACION TURÍSTICA,0,0
2024,1,6161,20001,20,ACTIVO,HOTEL 9. 99,CESAR,VALLEDUPAR,ESTABLECIMIENTOS DE ALOJAMIENTO TURÍSTICO,1,HOTEL,25,37
2024,3,6870,20001,20,ACTIVO,HOTEL DAMAR,CESAR,VALLEDUPAR,ESTABLECIMIENTOS DE ALOJAMIENTO TURÍSTICO,4,HOTEL,58,114
2024,3,6923,20001,20,ACTIVO,HOTEL CESAR NO.2,CESAR,VALLEDUPAR,ESTABLECIMIENTOS DE ALOJAMIENTO TURÍSTICO,1,HOTEL,21,31
2024,3,6924,20001,20,ACTIVO,HOTEL CESAR NO. 1,CESAR,VALLEDUPAR,ESTABLECIMIENTOS DE ALOJAMIENTO TURÍSTICO,1,HOTEL,14,21
2024,3,6980,20001,20,ACTIVO,AVIATUR VALLEDUPAR,CESAR,VALLEDUPAR,AGENCIAS DE VIAJES,3,AGENCIA DE VIAJES Y DE TURISMO,0,0
2024,3,11913,20001,20,ACTIVO,HOTEL EL CEIBOTE,CESAR,VALLEDUPAR,ESTABLECIMIENTOS DE ALOJAMIENTO TURÍSTICO,1,HOTEL,19,33
2024,4,12371,20001,20,ACTIVO,HOTEL CASABIANCA,CESAR,VALLEDUPAR,ESTABLECIMIENTOS DE ALOJAMIENTO TURÍSTICO,1,HOTEL,19,21
2024,4,14572,20001,20,ACTIVO,HOTEL UNION,CESAR,VALLEDUPAR,ESTABLECIMIENTOS DE ALOJAMIENTO TURÍSTICO,1,HOTEL,14,22
2024,4,15074,20001,20,ACTIVO,ORQUIDEA REAL HOTEL,CESAR,VALLEDUPAR,ESTABLECIMIENTOS DE ALOJAMIENTO TURÍSTICO,2,HOTEL,42,115
2024,3,15522,20001,20,ACTIVO,HOTEL SARACHUY,CESAR,VALLEDUPAR,ESTABLECIMIENTOS DE ALOJAMIENTO TURÍSTICO,4,HOTEL,14,14
2024,3,17269,20001,20,ACTIVO,HOTEL LAS VEGAS PLAZA,CESAR,VALLEDUPAR,ESTABLECIMIENTOS DE ALOJAMIENTO TURÍSTICO,3,HOTEL,25,33
2024,3,17318,20001,20,ACTIVO,CAMINO TOUR. AC,CESAR,VALLEDUPAR,AGENCIAS DE VIAJES,2,AGENCIA DE VIAJES Y DE TURISMO,0,0
2024,3,17433,20001,20,ACTIVO,CAMINO TOUR. AC,CESAR,VALLEDUPAR,OPERADORES PROFESIONALES DE CONGRESOS FERIAS Y CONVENCIONES,2,OPERADOR PROFESIONAL DE CONGRESOS FERIAS Y CONVENCIONES,0,0
2024,3,18436,20001,20,ACTIVO,HOTEL CALDERON,CESAR,VALLEDUPAR,ESTABLECIMIENTOS DE ALOJAMIENTO TURÍSTICO,5,HOTEL,20,40
2024,3,18713,20001,20,ACTIVO,HOTEL BUENAVISTA B.V.,CESAR,VALLEDUPAR,ESTABLECIMIENTOS DE ALOJAMIENTO TURÍSTICO,3,HOTEL,33,33
2024,1,19315,20001,20,ACTIVO,HUGO ANTONIO PEREZ GOMEZ,CESAR,VALLEDUPAR,GUIAS DE TURISMO,0,GUIA DE TURISMO,0,0
2024,3,21363,20001,20,ACTIVO,HOTEL MILENIUM,CESAR,VALLEDUPAR,ESTABLECIMIENTOS DE ALOJAMIENTO TURÍSTICO,1,HOTEL,25,29
2024,4,21672,20001,20,ACTIVO,PRESTO VUP GUATAPURI,CESAR,VALLEDUPAR,ESTABLECIMIENTOS DE GASTRONOMÍA,5,RESTAURANTE DE AUTOSERVICIO,0,0
2024,4,22691,20001,20,ACTIVO,SERRANO PLAZA HOTEL,CESAR,VALLEDUPAR,ESTABLECIMIENTOS DE ALOJAMIENTO TURÍSTICO,1,HOTEL,28,32
2024,3,23600,20001,20,ACTIVO,HOSTAL LOPERENA,CESAR,VALLEDUPAR,ESTABLECIMIENTOS DE ALOJAMIENTO TURÍSTICO,2,HOSTAL,13,40
2024,4,25891,20001,20,ACTIVO,HOTEL SIRENA PLAZA,CESAR,VALLEDUPAR,ESTABLECIMIENTOS DE ALOJAMIENTO TURÍSTICO,2,HOTEL,15,20
2024,3,26579,20001,20,ACTIVO,HOTEL BOUTIQUE CALLE GRANDE,CESAR,VALLEDUPAR,ESTABLECIMIENTOS DE ALOJAMIENTO TURÍSTICO,5,HOTEL,28,45
2024,3,27334,20001,20,ACTIVO,AMICHIS TRAVEL,CESAR,VALLEDUPAR,OFICINAS DE REPRESENTACION TURÍSTICA,1,OFICINA DE REPRESENTACION TURÍSTICA,0,0
2024,2,28892,20001,20,ACTIVO,VALLENATOUR,CESAR,VALLEDUPAR,AGENCIAS DE VIAJES,1,AGENCIA DE VIAJES OPERADORAS,0,0
2024,3,29665,20001,20,ACTIVO,HOTEL VALLEDUPAR PLAZA,CESAR,VALLEDUPAR,ESTABLECIMIENTOS DE ALOJAMIENTO TURÍSTICO,4,HOTEL,23,26
2024,3,30029,20001,20,ACTIVO,HCB HOTEL CASA BLANCA,CESAR,VALLEDUPAR,ESTABLECIMIENTOS DE ALOJAMIENTO TURÍSTICO,3,HOTEL,30,40
2024,3,30522,20001,20,ACTIVO,MARANATA HOTEL,CESAR,VALLEDUPAR,ESTABLECIMIENTOS DE ALOJAMIENTO TURÍSTICO,5,HOTEL,39,60
2024,3,30523,20001,20,ACTIVO,HOTEL KURAKATA,CESAR,VALLEDUPAR,ESTABLECIMIENTOS DE ALOJAMIENTO TURÍSTICO,5,HOTEL,50,93
2024,2,31223,20001,20,ACTIVO,VIAJES CIRCULAR S.A.S. VALLEDUPAR,CESAR,VALLEDUPAR,AGENCIAS DE VIAJES,1,AGENCIA DE VIAJES Y DE TURISMO,0,0
2024,2,34458,20001,20,ACTIVO,HOTEL EL TRIUNFO VALLENATO,CESAR,VALLEDUPAR,ESTABLECIMIENTOS DE ALOJAMIENTO TURÍSTICO,2,HOTEL,20,25
2024,3,34956,20001,20,ACTIVO,HOTEL LONDRES REAL,CESAR,VALLEDUPAR,ESTABLECIMIENTOS DE ALOJAMIENTO TURÍSTICO,3,HOTEL,22,42
2024,4,35125,20001,20,ACTIVO,ARCE PLAZA HOTEL,CESAR,VALLEDUPAR,ESTABLECIMIENTOS DE ALOJAMIENTO TURÍSTICO,3,HOTEL,33,57
2024,3,36303,20001,20,ACTIVO,QUE VIVA EL VALLENATO,CESAR,VALLEDUPAR,ESTABLECIMIENTOS DE ALOJAMIENTO TURÍSTICO,1,HOSTAL,10,15
2024,1,37201,20001,20,ACTIVO,BOUTIQUE HOTEL BALOP,CESAR,VALLEDUPAR,ESTABLECIMIENTOS DE ALOJAMIENTO TURÍSTICO,3,HOTEL,8,13
2024,4,40023,20001,20,ACTIVO,HOTEL EL CACIQUE CENTRO,CESAR,VALLEDUPAR,ESTABLECIMIENTOS DE ALOJAMIENTO TURÍSTICO,2,HOTEL,25,48
2024,2,42616,20001,20,ACTIVO,HOTEL NUEVO TIO,CESAR,VALLEDUPAR,ESTABLECIMIENTOS DE ALOJAMIENTO TURÍSTICO,3,HOTEL,36,74
2024,2,42908,20001,20,ACTIVO,CASA DE LOS SANTOS REYES HOTEL BOUTIQUE,CESAR,VALLEDUPAR,ESTABLECIMIENTOS DE ALOJAMIENTO TURÍSTICO,2,HOTEL,8,8
2024,3,43017,20001,20,ACTIVO,PRESTO VUP AEROPUERTO,CESAR,VALLEDUPAR,ESTABLECIMIENTOS DE GASTRONOMÍA,5,RESTAURANTE DE AUTOSERVICIO,0,0
2024,4,43333,20001,20,ACTIVO,HOSTAL SMPT,CESAR,VALLEDUPAR,ESTABLECIMIENTOS DE ALOJAMIENTO TURÍSTICO,1,HOSTAL,3,3
2024,2,43364,20001,20,ACTIVO,HOTEL EL CARMEN DE TODOS Y PARA TODOS,CESAR,VALLEDUPAR,ESTABLECIMIENTOS DE ALOJAMIENTO TURÍSTICO,1,HOTEL,15,20
2024,3,45689,20001,20,ACTIVO,HOTEL ELIMAR 8A,CESAR,VALLEDUPAR,ESTABLECIMIENTOS DE ALOJAMIENTO TURÍSTICO,2,HOTEL,30,125
2024,3,46261,20001,20,ACTIVO,HOTEL ORQUIDEA 19,CESAR,VALLEDUPAR,ESTABLECIMIENTOS DE ALOJAMIENTO TURÍSTICO,3,HOTEL,11,25
2024,4,46514,20001,20,ACTIVO,JM TOURS COLOMBIA,CESAR,VALLEDUPAR,OPERADORES PROFESIONALES DE CONGRESOS FERIAS Y CONVENCIONES,5,OPERADOR PROFESIONAL DE CONGRESOS FERIAS Y CONVENCIONES,0,0
2024,3,49231,20001,20,ACTIVO,NAPOLES HOSTAL,CESAR,VALLEDUPAR,ESTABLECIMIENTOS DE ALOJAMIENTO TURÍSTICO,1,HOSTAL,10,12
2024,4,51250,20001,20,ACTIVO,PUNTO DE VENTAS SERVINCLUIDOS VALLEDUPAR C.C MAYALES,CESAR,VALLEDUPAR,AGENCIAS DE VIAJES,1,AGENCIA DE VIAJES OPERADORAS,0,0
2024,3,53103,20001,20,ACTIVO,CAMINOS DEL VALLE DE UPAR,CESAR,VALLEDUPAR,AGENCIAS DE VIAJES,1,AGENCIA DE VIAJES OPERADORAS,0,0
2024,2,53105,20001,20,ACTIVO,HOTEL MILLROSE,CESAR,VALLEDUPAR,ESTABLECIMIENTOS DE ALOJAMIENTO TURÍSTICO,2,HOTEL,12,41
2024,4,53668,20001,20,ACTIVO,HOTEL LA Y,CESAR,VALLEDUPAR,ESTABLECIMIENTOS DE ALOJAMIENTO TURÍSTICO,1,HOTEL,18,29
2024,3,54037,20001,20,ACTIVO,HOTEL KASVEL,CESAR,VALLEDUPAR,ESTABLECIMIENTOS DE ALOJAMIENTO TURÍSTICO,1,HOTEL,10,16
2024,3,55700,20001,20,ACTIVO,HOSTAL KENNDY,CESAR,VALLEDUPAR,ESTABLECIMIENTOS DE ALOJAMIENTO TURÍSTICO,1,HOSTAL,15,15
2024,2,55704,20001,20,ACTIVO,PASEOVALLENATO TOUR,CESAR,VALLEDUPAR,AGENCIAS DE VIAJES,1,AGENCIA DE VIAJES OPERADORAS,0,0
2024,2,55712,20001,20,ACTIVO,HOTEL BALÚ,CESAR,VALLEDUPAR,ESTABLECIMIENTOS DE ALOJAMIENTO TURÍSTICO,1,HOTEL,1,30
2024,3,56419,20001,20,ACTIVO,HOTEL PARIS CARRE`,CESAR,VALLEDUPAR,ESTABLECIMIENTOS DE ALOJAMIENTO TURÍSTICO,3,HOTEL,18,47
2024,2,56421,20001,20,ACTIVO,CONSULADO SANTANDEREANO PLUS,CESAR,VALLEDUPAR,ESTABLECIMIENTOS DE ALOJAMIENTO TURÍSTICO,1,HOTEL,10,13
2024,3,57291,20001,20,ACTIVO,RAPITURISMO DEL CARIBE,CESAR,VALLEDUPAR,AGENCIAS DE VIAJES,1,AGENCIA DE VIAJES OPERADORAS,0,0
2024,3,57721,20001,20,ACTIVO,HOSTAL CAMINOS DEL CESAR,CESAR,VALLEDUPAR,ESTABLECIMIENTOS DE ALOJAMIENTO TURÍSTICO,1,HOSTAL,4,8
2024,4,57826,20001,20,ACTIVO,JM TOURS COLOMBIA,CESAR,VALLEDUPAR,AGENCIAS DE VIAJES,5,AGENCIA DE VIAJES Y DE TURISMO,0,0
2024,3,57871,20001,20,ACTIVO,JP SOLUCIONES COLOMBIA SAS,CESAR,VALLEDUPAR,OPERADORES PROFESIONALES DE CONGRESOS FERIAS Y CONVENCIONES,1,OPERADOR PROFESIONAL DE CONGRESOS FERIAS Y CONVENCIONES,0,0
2024,3,58682,20001,20,ACTIVO,LOGISTICA Y SUMINISTROS DEL CARIBE,CESAR,VALLEDUPAR,OPERADORES PROFESIONALES DE CONGRESOS FERIAS Y CONVENCIONES,1,OPERADOR PROFESIONAL DE CONGRESOS FERIAS Y CONVENCIONES,0,0
2024,3,59363,20001,20,ACTIVO,AGENCIA DE VIAJES DEL CARIBE,CESAR,VALLEDUPAR,AGENCIAS DE VIAJES,1,AGENCIA DE VIAJES Y DE TURISMO,0,0
2024,3,61183,20001,20,ACTIVO,AURA NELLY SANCHEZ CACERES SIERRA NEVADA B&B,CESAR,VALLEDUPAR,ESTABLECIMIENTOS DE ALOJAMIENTO TURÍSTICO,1,HOTEL,16,46
2024,3,61475,20001,20,ACTIVO,HOTEL EUPARI PROTUR,CESAR,VALLEDUPAR,ESTABLECIMIENTOS DE ALOJAMIENTO TURÍSTICO,1,HOTEL,24,49
2024,3,63355,20001,20,ACTIVO,HOTEL Y RESTAURANTE ASTOR SALÓN DE EVENTOS,CESAR,VALLEDUPAR,ESTABLECIMIENTOS DE ALOJAMIENTO TURÍSTICO,3,HOTEL,16,21
2024,3,63433,20001,20,ACTIVO,HOTEL PIBE CRIS,CESAR,VALLEDUPAR,ESTABLECIMIENTOS DE ALOJAMIENTO TURÍSTICO,4,HOTEL,32,50
2024,3,63472,20001,20,ACTIVO,HOSTAL VENECIA DE LA 9NA,CESAR,VALLEDUPAR,VIVIENDAS TURÍSTICAS,1,OTRO TIPO DE VIVIENDA TURÍSTICA,10,28
2024,3,64076,20001,20,ACTIVO,HOTEL NOE PLAZA,CESAR,VALLEDUPAR,ESTABLECIMIENTOS DE ALOJAMIENTO TURÍSTICO,1,HOTEL,8,12
2024,4,64159,20001,20,ACTIVO,HOTEL VALLEDUPAR TIERRA DE CANTORES,CESAR,VALLEDUPAR,ESTABLECIMIENTOS DE ALOJAMIENTO TURÍSTICO,2,HOTEL,26,46
2024,3,64161,20001,20,ACTIVO,HOTEL MARSELLA M.J,CESAR,VALLEDUPAR,ESTABLECIMIENTOS DE ALOJAMIENTO TURÍSTICO,3,HOTEL,18,32
2024,2,64162,20001,20,ACTIVO,INVERSIONES OROZCO BLANCO SAS.,CESAR,VALLEDUPAR,VIVIENDAS TURÍSTICAS,0,APARTAMENTO TURÍSTICO,5,12
2024,2,64165,20001,20,ACTIVO,CASA BELEN HOSTAL,CESAR,VALLEDUPAR,ESTABLECIMIENTOS DE ALOJAMIENTO TURÍSTICO,3,HOSTAL,5,15
2024,3,64388,20001,20,ACTIVO,HOTEL PALATINO VALLEDUPAR,CESAR,VALLEDUPAR,ESTABLECIMIENTOS DE ALOJAMIENTO TURÍSTICO,1,HOTEL,21,46
2024,2,65673,20001,20,ACTIVO,NATALY MADRID AGENCIA OPERADORA,CESAR,VALLEDUPAR,AGENCIAS DE VIAJES,1,AGENCIA DE VIAJES OPERADORAS,0,0
2024,3,66132,20001,20,ACTIVO,HOTEL MIRIAM,CESAR,VALLEDUPAR,ESTABLECIMIENTOS DE ALOJAMIENTO TURÍSTICO,1,HOTEL,15,22
2024,4,66546,20001,20,ACTIVO,HOTEL DURAN,CESAR,VALLEDUPAR,ESTABLECIMIENTOS DE ALOJAMIENTO TURÍSTICO,1,HOTEL,14,29
2024,4,67006,20001,20,ACTIVO,BARRA VUP AEROP. NACIONAL ALFONSO LOPEZ,CESAR,VALLEDUPAR,ESTABLECIMIENTOS DE GASTRONOMÍA,4,RESTAURANTE DE AUTOSERVICIO,0,0
2024,1,67008,20001,20,ACTIVO,HOTEL EL MIO,CESAR,VALLEDUPAR,ESTABLECIMIENTOS DE ALOJAMIENTO TURÍSTICO,3,HOTEL,28,48
2024,3,68022,20001,20,ACTIVO,HOTEL HERMANOS CAMACHO,CESAR,VALLEDUPAR,ESTABLECIMIENTOS DE ALOJAMIENTO TURÍSTICO,2,HOTEL,9,12
2024,3,69804,20001,20,ACTIVO,LOCALIZA AEROPUERTO VALLEDUPAR,CESAR,VALLEDUPAR,ARRENDADORES DE VEHÍCULOS PARA TURISMO NACIONAL E INTERNACIONAL,4,ARRENDADOR DE VEHICULOS PARA TURISMO NACIONAL E INTERNACIONAL,0,0
2024,3,69903,20001,20,ACTIVO,HOTEL QATAR,CESAR,VALLEDUPAR,ESTABLECIMIENTOS DE ALOJAMIENTO TURÍSTICO,1,HOTEL,19,30
2024,4,73848,20001,20,ACTIVO,BADILLO TRAVEL,CESAR,VALLEDUPAR,AGENCIAS DE VIAJES,1,AGENCIA DE VIAJES OPERADORAS,0,0
2024,4,74077,20001,20,ACTIVO,JM TOURS COLOMBIA,CESAR,VALLEDUPAR,AGENCIAS DE VIAJES,5,AGENCIA DE VIAJES OPERADORAS,0,0
2024,4,74078,20001,20,ACTIVO,MATEA RESTOBAR,CESAR,VALLEDUPAR,ESTABLECIMIENTOS DE GASTRONOMÍA,5,RESTAURANTE,0,0
2024,3,78170,20001,20,ACTIVO,PUNTO DE VENTAS MULTIVACACIONES VALLEDUPAR,CESAR,VALLEDUPAR,EMPRESAS DE TIEMPO COMPARTIDO Y MULTIPROPIEDAD,1,COMERCIALIZADORA,0,0
2024,2,79426,20001,20,ACTIVO,HOSTAL LAS DOS PALMAS,CESAR,VALLEDUPAR,ESTABLECIMIENTOS DE ALOJAMIENTO TURÍSTICO,2,HOSTAL,16,16
2024,3,84055,20001,20,ACTIVO,UNITRANSCO S.A VALLEDUPAR,CESAR,VALLEDUPAR,EMPRESAS DE TRANSPORTE TERRESTRE AUTOMOTOR,2,TRANSPORTE TERRESTRE AUTOMOTOR ESPECIAL,0,0
2024,3,84526,20001,20,ACTIVO,AVIATUR VALLEDUPAR,CESAR,VALLEDUPAR,AGENCIAS DE VIAJES,3,AGENCIA DE VIAJES OPERADORAS,0,0
2024,3,86046,20001,20,ACTIVO,HOSTAL LA CASONA VIEJA,CESAR,VALLEDUPAR,ESTABLECIMIENTOS DE ALOJAMIENTO TURÍSTICO,3,HOSTAL,14,22
2024,3,90383,20001,20,ACTIVO,HOTEL EL PALMAR,CESAR,VALLEDUPAR,ESTABLECIMIENTOS DE ALOJAMIENTO TURÍSTICO,5,HOTEL,32,40
2024,3,90585,20001,20,ACTIVO,HOTEL PANORAMA PLAZA,CESAR,VALLEDUPAR,ESTABLECIMIENTOS DE ALOJAMIENTO TURÍSTICO,5,HOTEL,34,45
2024,7,91583,20001,20,ACTIVO,GLOBAL SOLUTION MOBILIARIOS,CESAR,VALLEDUPAR,OPERADORES PROFESIONALES DE CONGRESOS FERIAS Y CONVENCIONES,1,OPERADOR PROFESIONAL DE CONGRESOS FERIAS Y CONVENCIONES,0,0
2024,3,93743,20001,20,ACTIVO,INVERSIONES REY DE REYES HOTEL,CESAR,VALLEDUPAR,ESTABLECIMIENTOS DE ALOJAMIENTO TURÍSTICO,4,HOTEL,23,33
2024,3,94762,20001,20,ACTIVO,INVALCA,CESAR,VALLEDUPAR,OPERADORES PROFESIONALES DE CONGRESOS FERIAS Y CONVENCIONES,4,OPERADOR PROFESIONAL DE CONGRESOS FERIAS Y CONVENCIONES,0,0
2024,3,94764,20001,20,ACTIVO,LATIN AMERICA & CARIBBEAN TRAVELS,CESAR,VALLEDUPAR,AGENCIAS DE VIAJES,2,AGENCIA DE VIAJES Y DE TURISMO,0,0
2024,3,95148,20001,20,ACTIVO,HOTEL JUGLAR,CESAR,VALLEDUPAR,ESTABLECIMIENTOS DE ALOJAMIENTO TURÍSTICO,1,HOTEL,14,14
2024,3,99488,20001,20,ACTIVO,RESIDENCIAS ANTIOQUIA,CESAR,VALLEDUPAR,VIVIENDAS TURÍSTICAS,1,OTRO TIPO DE VIVIENDA TURÍSTICA,8,14
2024,4,99501,20001,20,ACTIVO,DREAMS AGENCIA DE VIAJES,CESAR,VALLEDUPAR,AGENCIAS DE VIAJES,3,AGENCIA DE VIAJES Y DE TURISMO,0,0
2024,3,99502,20001,20,ACTIVO,DEVIC TRAVEL,CESAR,VALLEDUPAR,AGENCIAS DE VIAJES,1,AGENCIA DE VIAJES OPERADORAS,0,0
2024,3,99774,20001,20,ACTIVO,COLOMBIANA DE RECEPTIVOS,CESAR,VALLEDUPAR,AGENCIAS DE VIAJES,1,AGENCIA DE VIAJES Y DE TURISMO,0,0
2024,2,100502,20001,20,ACTIVO,HOSTAL LA PROVINCIA,CESAR,VALLEDUPAR,ESTABLECIMIENTOS DE ALOJAMIENTO TURÍSTICO,1,HOSTAL,9,9
2024,1,101341,20001,20,ACTIVO,TU CASA BAMBU HOTEL,CESAR,VALLEDUPAR,ESTABLECIMIENTOS DE ALOJAMIENTO TURÍSTICO,1,HOTEL,8,8
2024,3,102164,20001,20,ACTIVO,WONDERTOURS,CESAR,VALLEDUPAR,AGENCIAS DE VIAJES,2,AGENCIA DE VIAJES Y DE TURISMO,0,0
2024,3,103235,20001,20,ACTIVO,CARLOS EDBERTO FERNANDEZ GAVIRIA,CESAR,VALLEDUPAR,VIVIENDAS TURÍSTICAS,1,APARTAMENTO TURÍSTICO,1,8
2024,4,104236,20001,20,ACTIVO,GILBERTO CARREÑO SILVA,CESAR,VALLEDUPAR,VIVIENDAS TURÍSTICAS,0,OTRO TIPO DE VIVIENDA TURÍSTICA,2,2
2024,2,104486,20001,20,ACTIVO,ALBERTO JOSE ARZUAGA ACOSTA,CESAR,VALLEDUPAR,VIVIENDAS TURÍSTICAS,0,APARTAMENTO TURÍSTICO,1,6
2024,1,106360,20001,20,ACTIVO,HOTEL MI VALLE,CESAR,VALLEDUPAR,ESTABLECIMIENTOS DE ALOJAMIENTO TURÍSTICO,1,HOTEL,12,12
2024,2,107880,20001,20,ACTIVO,MIGUEL ANDELFO MORENO VARGAS,CESAR,VALLEDUPAR,GUIAS DE TURISMO,0,GUIA DE TURISMO,0,0
2024,6,108237,20001,20,ACTIVO,RAUL ERNESTO CORDOBA QUERUZ,CESAR,VALLEDUPAR,VIVIENDAS TURÍSTICAS,0,APARTAMENTO TURÍSTICO,1,3
2024,6,108238,20001,20,ACTIVO,RAUL ERNESTO CORDOBA QUERUZ,CESAR,VALLEDUPAR,VIVIENDAS TURÍSTICAS,0,APARTAMENTO TURÍSTICO,1,3
2024,6,108239,20001,20,ACTIVO,RAUL ERNESTO CORDOBA QUERUZ,CESAR,VALLEDUPAR,VIVIENDAS TURÍSTICAS,0,APARTAMENTO TURÍSTICO,1,3
2024,1,108250,20001,20,ACTIVO,WALTHER MAURICIO JAIMES TARAZONA,CESAR,VALLEDUPAR,VIVIENDAS TURÍSTICAS,0,APARTAMENTO TURÍSTICO,1,5
2024,2,108623,20001,20,ACTIVO,MILDRED  AYALA ALVAREZ,CESAR,VALLEDUPAR,GUIAS DE TURISMO,0,GUIA DE TURISMO,0,0
2024,2,108626,20001,20,ACTIVO,MARIA ELISA AYALA FRANCO,CESAR,VALLEDUPAR,GUIAS DE TURISMO,1,GUIA DE TURISMO,0,0
2024,3,111029,20001,20,ACTIVO,LIBADIER DAVID AGUDELO CASTAÑEDA,CESAR,VALLEDUPAR,VIVIENDAS TURÍSTICAS,0,APARTAMENTO TURÍSTICO,1,1
2024,1,111044,20001,20,ACTIVO,LUIS ALBERTO MAESTRE MUZA,CESAR,VALLEDUPAR,VIVIENDAS TURÍSTICAS,0,OTRO TIPO DE VIVIENDA TURÍSTICA,1,11
2024,1,111045,20001,20,ACTIVO,LUIS ALBERTO MAESTRE MUZA,CESAR,VALLEDUPAR,VIVIENDAS TURÍSTICAS,0,OTRO TIPO DE VIVIENDA TURÍSTICA,1,15
2024,1,111052,20001,20,ACTIVO,HENRY JOSE QUINTERO JIMENEZ,CESAR,VALLEDUPAR,VIVIENDAS TURÍSTICAS,0,APARTAMENTO TURÍSTICO,1,3
2024,1,111053,20001,20,ACTIVO,HENRY JOSE QUINTERO JIMENEZ,CESAR,VALLEDUPAR,VIVIENDAS TURÍSTICAS,0,APARTAMENTO TURÍSTICO,1,4
2024,1,111967,20001,20,ACTIVO,HENRY JOSE QUINTERO JIMENEZ,CESAR,VALLEDUPAR,VIVIENDAS TURÍSTICAS,0,APARTAMENTO TURÍSTICO,1,5
2024,4,111983,20001,20,ACTIVO,AMELSOFT,CESAR,VALLEDUPAR,VIVIENDAS TURÍSTICAS,1,OTRO TIPO DE VIVIENDA TURÍSTICA,3,4
2024,4,111985,20001,20,ACTIVO,ANGELA MARIA LLANOS MUÑOZ,CESAR,VALLEDUPAR,VIVIENDAS TURÍSTICAS,0,APARTAMENTO TURÍSTICO,1,4
2024,3,112751,20001,20,ACTIVO,EDWIN RICARDO BARROS YEPES,CESAR,VALLEDUPAR,VIVIENDAS TURÍSTICAS,0,OTRO TIPO DE VIVIENDA TURÍSTICA,1,10
2024,3,114276,20001,20,ACTIVO,INVERSIONES HOTEL LAS TORRES GEMELAS,CESAR,VALLEDUPAR,ESTABLECIMIENTOS DE ALOJAMIENTO TURÍSTICO,3,HOTEL,50,98
2024,2,114280,20001,20,ACTIVO,APARTA HOTEL DON EDGAR,CESAR,VALLEDUPAR,ESTABLECIMIENTOS DE ALOJAMIENTO TURÍSTICO,2,APARTAHOTEL,10,10
2024,3,114286,20001,20,ACTIVO,METE MONKEY,CESAR,VALLEDUPAR,ESTABLECIMIENTOS DE ALOJAMIENTO TURÍSTICO,1,HOSTAL,2,2
2024,3,115529,20001,20,ACTIVO,HOTEL LAS AMERICAS UNO,CESAR,VALLEDUPAR,ESTABLECIMIENTOS DE ALOJAMIENTO TURÍSTICO,1,HOTEL,15,8
2024,2,115532,20001,20,ACTIVO,HOTEL COLONIAL LA CASA DE SIEMPRE,CESAR,VALLEDUPAR,ESTABLECIMIENTOS DE ALOJAMIENTO TURÍSTICO,1,HOTEL,10,13
2024,3,115533,20001,20,ACTIVO,VIE TON VOYAGE,CESAR,VALLEDUPAR,AGENCIAS DE VIAJES,1,AGENCIA DE VIAJES OPERADORAS,0,0
2024,4,116213,20001,20,ACTIVO,HOTEL DEL COMERCIO,CESAR,VALLEDUPAR,ESTABLECIMIENTOS DE ALOJAMIENTO TURÍSTICO,1,HOTEL,17,26
2024,3,116214,20001,20,ACTIVO,H&Y SALAMANCA,CESAR,VALLEDUPAR,OPERADORES PROFESIONALES DE CONGRESOS FERIAS Y CONVENCIONES,3,OPERADOR PROFESIONAL DE CONGRESOS FERIAS Y CONVENCIONES,0,0
2024,2,116216,20001,20,ACTIVO,LAS PILONERAS APARTAHOTEL,CESAR,VALLEDUPAR,ESTABLECIMIENTOS DE ALOJAMIENTO TURÍSTICO,1,HOTEL,14,23
2024,3,117819,20001,20,ACTIVO,AMICHIS TRAVEL,CESAR,VALLEDUPAR,AGENCIAS DE VIAJES,1,AGENCIA DE VIAJES Y DE TURISMO,0,0
2024,1,117823,20001,20,ACTIVO,ESMERAL JARAMILLO  MARIA  JOSE,CESAR,VALLEDUPAR,VIVIENDAS TURÍSTICAS,0,CASA TURÍSTICA,3,8
2024,3,117824,20001,20,ACTIVO,RAMON  DUQUE SARMIENTO,CESAR,VALLEDUPAR,VIVIENDAS TURÍSTICAS,0,OTRO TIPO DE VIVIENDA TURÍSTICA,5,5
2024,1,117825,20001,20,ACTIVO,HORTENSIA ISABEL BARBUDO FERNANDEZ,CESAR,VALLEDUPAR,VIVIENDAS TURÍSTICAS,0,APARTAMENTO TURÍSTICO,3,6
2024,2,118348,20001,20,ACTIVO,NOLBERTO GEOVANNY BENAVIDES GUEPUD,CESAR,VALLEDUPAR,VIVIENDAS TURÍSTICAS,0,APARTAMENTO TURÍSTICO,2,4
2024,3,119733,20001,20,ACTIVO,HOTEL AVENTURA LA 23,CESAR,VALLEDUPAR,ESTABLECIMIENTOS DE ALOJAMIENTO TURÍSTICO,1,HOTEL,12,16
2024,4,119734,20001,20,ACTIVO,APARTAHOTEL EL CACIQUE UPAR,CESAR,VALLEDUPAR,ESTABLECIMIENTOS DE ALOJAMIENTO TURÍSTICO,4,APARTAHOTEL,59,187
2024,4,119740,20001,20,ACTIVO,PRESTO MAYALES,CESAR,VALLEDUPAR,ESTABLECIMIENTOS DE GASTRONOMÍA,5,RESTAURANTE DE AUTOSERVICIO,0,0
2024,3,121836,20001,20,ACTIVO,CASA CULTURAL Y DE HUESPEDES LA PILONERA,CESAR,VALLEDUPAR,ESTABLECIMIENTOS DE ALOJAMIENTO TURÍSTICO,2,HOSTAL,6,6
2024,1,121841,20001,20,ACTIVO,KENDER  REDONDO SARMIENTO,CESAR,VALLEDUPAR,VIVIENDAS TURÍSTICAS,0,CASA TURÍSTICA,6,10
2024,4,121847,20001,20,ACTIVO,ALOJAMIENTO MOON,CESAR,VALLEDUPAR,ESTABLECIMIENTOS DE ALOJAMIENTO TURÍSTICO,1,HOSTAL,7,10
2024,2,121848,20001,20,ACTIVO,JAIRO JUNIOR RODRIGUEZ MORON,CESAR,VALLEDUPAR,VIVIENDAS TURÍSTICAS,0,APARTAMENTO TURÍSTICO,1,9
2024,2,122589,20001,20,ACTIVO,ADA LUZ TOVAR GONZALEZ,CESAR,VALLEDUPAR,VIVIENDAS TURÍSTICAS,0,APARTAMENTO TURÍSTICO,1,1
2024,3,122591,20001,20,ACTIVO,HOTEL URUMITA MÁGICA,CESAR,VALLEDUPAR,ESTABLECIMIENTOS DE ALOJAMIENTO TURÍSTICO,1,HOSTAL,12,13
2024,3,122593,20001,20,ACTIVO,MIZARE,CESAR,VALLEDUPAR,ESTABLECIMIENTOS DE ALOJAMIENTO TURÍSTICO,2,HOSTAL,1,8
2024,1,123781,20001,20,ACTIVO,MIZARE,CESAR,VALLEDUPAR,VIVIENDAS TURÍSTICAS,2,OTRO TIPO DE VIVIENDA TURÍSTICA,1,10
2024,1,123790,20001,20,ACTIVO,NELLY CAROLINA ZULETA ACOSTA,CESAR,VALLEDUPAR,VIVIENDAS TURÍSTICAS,0,APARTAMENTO TURÍSTICO,8,3
2024,3,125189,20001,20,ACTIVO,AVIANCATIKKE,CESAR,VALLEDUPAR,AGENCIAS DE VIAJES,2,AGENCIA DE VIAJES Y DE TURISMO,0,0
2024,2,126234,20001,20,ACTIVO,EMILIS ELIET LOPEZ AMAYA,CESAR,VALLEDUPAR,GUIAS DE TURISMO,0,GUIA DE TURISMO,0,0
2024,4,128058,20001,20,ACTIVO,ALEX ALFONSO NAVARRO MORA,CESAR,VALLEDUPAR,VIVIENDAS TURÍSTICAS,0,CASA TURÍSTICA,3,7
2024,3,129687,20001,20,ACTIVO,HOSPEDAJE YIYA,CESAR,VALLEDUPAR,ESTABLECIMIENTOS DE ALOJAMIENTO TURÍSTICO,2,HOSTAL,13,13
2024,1,133091,20001,20,ACTIVO,FABIAN ALEXANDER CONSUEGRA GOMEZ,CESAR,VALLEDUPAR,VIVIENDAS TURÍSTICAS,0,APARTAMENTO TURÍSTICO,1,6
2024,3,133092,20001,20,ACTIVO,SERINTEG COLOMBIA S.A.S,CESAR,VALLEDUPAR,VIVIENDAS TURÍSTICAS,0,APARTAMENTO TURÍSTICO,1,8
2024,3,133102,20001,20,ACTIVO,ELBA LUZ GOMEZ GARCIA,CESAR,VALLEDUPAR,VIVIENDAS TURÍSTICAS,0,APARTAMENTO TURÍSTICO,1,6
2024,4,133106,20001,20,ACTIVO,OMAIRA LISETH ANDRADE DE LEON,CESAR,VALLEDUPAR,VIVIENDAS TURÍSTICAS,0,APARTAMENTO TURÍSTICO,3,3
2024,3,133111,20001,20,ACTIVO,JOSEFINA ISABEL HERNANDEZ CABANA,CESAR,VALLEDUPAR,VIVIENDAS TURÍSTICAS,0,APARTAMENTO TURÍSTICO,3,3
2024,2,133413,20001,20,ACTIVO,CAMILO ERNESTO ROMERO MEZA,CESAR,VALLEDUPAR,VIVIENDAS TURÍSTICAS,0,APARTAMENTO TURÍSTICO,1,8
2024,3,134338,20001,20,ACTIVO,EDRIN.THE TRAVELERS.NET,CESAR,VALLEDUPAR,AGENCIAS DE VIAJES,1,AGENCIA DE VIAJES Y DE TURISMO,0,0
2024,4,137171,20001,20,ACTIVO,MEDINA'S INMOBILIARIA S.A.S,CESAR,VALLEDUPAR,VIVIENDAS TURÍSTICAS,2,CASA TURÍSTICA,8,14
2024,3,137172,20001,20,ACTIVO,LUZ MARINA ROSENOW ARREGOCES,CESAR,VALLEDUPAR,VIVIENDAS TURÍSTICAS,0,OTRO TIPO DE VIVIENDA TURÍSTICA,8,14
2024,4,137183,20001,20,ACTIVO,MEDINA'S INMOBILIARIA S.A.S,CESAR,VALLEDUPAR,VIVIENDAS TURÍSTICAS,2,APARTAMENTO TURÍSTICO,8,14
2024,2,137187,20001,20,ACTIVO,CAFETERIA Y HOSTAL CASA MARTINA,CESAR,VALLEDUPAR,ESTABLECIMIENTOS DE ALOJAMIENTO TURÍSTICO,2,HOSTAL,8,14
2024,2,139493,20001,20,ACTIVO,NATALI ANDREA MENDOZA BOTERO,CESAR,VALLEDUPAR,VIVIENDAS TURÍSTICAS,0,APARTAMENTO TURÍSTICO,8,14
2024,4,139496,20001,20,ACTIVO,ANGYE DANIELA RETAVISCA ARIZA,CESAR,VALLEDUPAR,VIVIENDAS TURÍSTICAS,0,OTRO TIPO DE VIVIENDA TURÍSTICA,4,5
2024,4,139501,20001,20,ACTIVO,HOTEL REAL DEL VALLE,CESAR,VALLEDUPAR,ESTABLECIMIENTOS DE ALOJAMIENTO TURÍSTICO,5,HOTEL,19,19
2024,3,139521,20001,20,ACTIVO,HOTEL LEYENDA VALLENATA,CESAR,VALLEDUPAR,ESTABLECIMIENTOS DE ALOJAMIENTO TURÍSTICO,1,HOTEL,6,6
2024,4,142875,20001,20,ACTIVO,PACHECO ESCRIBA EDINSON,CESAR,VALLEDUPAR,VIVIENDAS TURÍSTICAS,0,APARTAMENTO TURÍSTICO,1,5
2024,3,142877,20001,20,ACTIVO,CENTRO LOGISTICO TRANSCAR,CESAR,VALLEDUPAR,EMPRESAS DE TRANSPORTE TERRESTRE AUTOMOTOR,2,TRANSPORTE TERRESTRE AUTOMOTOR ESPECIAL,0,0
2024,2,142879,20001,20,ACTIVO,LEIVA PEREZ ERIKA SUGEY,CESAR,VALLEDUPAR,VIVIENDAS TURÍSTICAS,0,CASA TURÍSTICA,1,8
2024,4,143326,20001,20,ACTIVO,HOTEL MANA PLAZA,CESAR,VALLEDUPAR,ESTABLECIMIENTOS DE ALOJAMIENTO TURÍSTICO,1,HOTEL,8,24
2024,3,144090,20001,20,ACTIVO,RESIDENCIAS MOMPOX,CESAR,VALLEDUPAR,ESTABLECIMIENTOS DE ALOJAMIENTO TURÍSTICO,2,HOSTAL,10,20
2024,3,144091,20001,20,ACTIVO,MACAW TRAVEL,CESAR,VALLEDUPAR,AGENCIAS DE VIAJES,1,AGENCIA DE VIAJES Y DE TURISMO,0,0
2024,4,145906,20001,20,ACTIVO,MARIA ALEJANDRA ARGOTE OBREDOR,CESAR,VALLEDUPAR,VIVIENDAS TURÍSTICAS,1,FINCA TURISTICA (ALOJAMIENTO RURAL),1,14
2024,1,146816,20001,20,ACTIVO,MEILLER GEOVANNY MARTINEZ DIAZ,CESAR,VALLEDUPAR,VIVIENDAS TURÍSTICAS,0,APARTAMENTO TURÍSTICO,3,3
2024,3,146818,20001,20,ACTIVO,MAILEN ISABEL CARO HERNANDEZ,CESAR,VALLEDUPAR,VIVIENDAS TURÍSTICAS,0,OTRO TIPO DE VIVIENDA TURÍSTICA,2,2
2024,1,146821,20001,20,ACTIVO,KELLY JOHANA DELGADO JOJOA,CESAR,VALLEDUPAR,GUIAS DE TURISMO,0,GUIA DE TURISMO,0,0
2024,3,147525,20001,20,ACTIVO,HOSTAL WILLI´S HOME,CESAR,VALLEDUPAR,ESTABLECIMIENTOS DE ALOJAMIENTO TURÍSTICO,2,HOSTAL,8,15
2024,3,149548,20001,20,ACTIVO,JOSHUA  REINA MONTOYA,CESAR,VALLEDUPAR,VIVIENDAS TURÍSTICAS,0,OTRO TIPO DE VIVIENDA TURÍSTICA,4,18
2024,2,149551,20001,20,ACTIVO,YENNIFER VALENTINA PEREZ GARCIA,CESAR,VALLEDUPAR,VIVIENDAS TURÍSTICAS,0,APARTAMENTO TURÍSTICO,1,6
2024,1,149988,20001,20,ACTIVO,ESTHER JUDITH SALCEDO PEÑA,CESAR,VALLEDUPAR,VIVIENDAS TURÍSTICAS,0,APARTAMENTO TURÍSTICO,4,10
2024,1,150437,20001,20,ACTIVO,IVAN DANIEL MAESTRE MUZA,CESAR,VALLEDUPAR,VIVIENDAS TURÍSTICAS,0,OTRO TIPO DE VIVIENDA TURÍSTICA,5,9
2024,3,150494,20001,20,ACTIVO,MARY NAYARITH VILLAZON VILLALVA,CESAR,VALLEDUPAR,VIVIENDAS TURÍSTICAS,0,OTRO TIPO DE VIVIENDA TURÍSTICA,1,1
2024,1,150707,20001,20,ACTIVO,HENRY JOSE QUINTERO JIMENEZ,CESAR,VALLEDUPAR,VIVIENDAS TURÍSTICAS,0,APARTAMENTO TURÍSTICO,1,6
2024,3,150863,20001,20,ACTIVO,ARISTIDES BALDOMERO CONTRERAS FERNANDEZ,CESAR,VALLEDUPAR,VIVIENDAS TURÍSTICAS,0,FINCA TURISTICA (ALOJAMIENTO RURAL),1,4
2024,4,150866,20001,20,ACTIVO,CASA CAMPO BETTEL,CESAR,VALLEDUPAR,ESTABLECIMIENTOS DE ALOJAMIENTO TURÍSTICO,1,GLAMPING,5,15
2024,1,151075,20001,20,ACTIVO,JACKELINE  JALKH SIERRA,CESAR,VALLEDUPAR,VIVIENDAS TURÍSTICAS,0,APARTAMENTO TURÍSTICO,1,3
2024,1,152076,20001,20,ACTIVO,LAURA VANESA PAREDES RODRIGUEZ,CESAR,VALLEDUPAR,VIVIENDAS TURÍSTICAS,0,APARTAMENTO TURÍSTICO,1,2
2024,3,153710,20001,20,ACTIVO,NULBIS ROSARIO DIAZ DAZA,CESAR,VALLEDUPAR,VIVIENDAS TURÍSTICAS,0,APARTAMENTO TURÍSTICO,1,4
2024,4,153711,20001,20,ACTIVO,LAURA MARCELA RODRIGUEZ MORENO,CESAR,VALLEDUPAR,VIVIENDAS TURÍSTICAS,0,CASA TURÍSTICA,1,2
2024,4,153715,20001,20,ACTIVO,MARIA DEL PILAR MATTOS ARDILA,CESAR,VALLEDUPAR,VIVIENDAS TURÍSTICAS,0,CASA TURÍSTICA,3,8
2024,1,155505,20001,20,ACTIVO,CALDERON VILLALBA VERONICA JOHANNA,CESAR,VALLEDUPAR,VIVIENDAS TURÍSTICAS,0,CASA TURÍSTICA,1,5
2024,4,156130,20001,20,ACTIVO,JOSE SANTIAGO ESTOR GARCIA,CESAR,VALLEDUPAR,VIVIENDAS TURÍSTICAS,0,APARTAMENTO TURÍSTICO,1,7
2024,3,156138,20001,20,ACTIVO,BARRESTAURANTE GUACAO,CESAR,VALLEDUPAR,ESTABLECIMIENTOS DE GASTRONOMÍA,1,RESTAURANTE,0,0
2024,5,156140,20001,20,ACTIVO,HOTEL CAMPESTRE VILLA OCHA,CESAR,VALLEDUPAR,ESTABLECIMIENTOS DE ALOJAMIENTO TURÍSTICO,5,HOTEL,25,60
2024,2,156313,20001,20,ACTIVO,VALLENATOUR,CESAR,VALLEDUPAR,EMPRESAS DE TRANSPORTE TERRESTRE AUTOMOTOR,1,OPERADOR DE CHIVAS,0,0
2024,3,156314,20001,20,ACTIVO,HOSTERIA RANCHO REGIS,CESAR,VALLEDUPAR,ESTABLECIMIENTOS DE ALOJAMIENTO TURÍSTICO,5,CENTRO VACACIONAL,13,50
2024,4,157086,20001,20,ACTIVO,BM 182,CESAR,VALLEDUPAR,ESTABLECIMIENTOS DE ALOJAMIENTO TURÍSTICO,1,HOTEL,7,6
2024,4,159316,20001,20,ACTIVO,ANA MARCELA GUTIERREZ TRUJILLO,CESAR,VALLEDUPAR,VIVIENDAS TURÍSTICAS,0,APARTAMENTO TURÍSTICO,3,6
2024,4,161096,20001,20,ACTIVO,HOTEL GALANNI,CESAR,VALLEDUPAR,ESTABLECIMIENTOS DE ALOJAMIENTO TURÍSTICO,1,HOTEL,8,11
2024,3,162727,20001,20,ACTIVO,HOTEL PLAZA COLONIAL,CESAR,VALLEDUPAR,ESTABLECIMIENTOS DE ALOJAMIENTO TURÍSTICO,2,HOTEL,20,30
2024,3,162729,20001,20,ACTIVO,HOTEL ESCALA GC VALLEDUPAR,CESAR,VALLEDUPAR,ESTABLECIMIENTOS DE ALOJAMIENTO TURÍSTICO,3,HOTEL,14,20
2024,3,163261,20001,20,ACTIVO,EXCURSIONES DEL CESAR EXCURCESAR,CESAR,VALLEDUPAR,AGENCIAS DE VIAJES,4,AGENCIA DE VIAJES Y DE TURISMO,0,0
2024,2,163691,20001,20,ACTIVO,LEONOR ELISA DANGOND CASTRO,CESAR,VALLEDUPAR,VIVIENDAS TURÍSTICAS,0,OTRO TIPO DE VIVIENDA TURÍSTICA,1,3
2024,3,163916,20001,20,ACTIVO,HOTEL VILLALBA,CESAR,VALLEDUPAR,ESTABLECIMIENTOS DE ALOJAMIENTO TURÍSTICO,3,HOTEL,10,30
2024,3,163922,20001,20,ACTIVO,MARIA ALEJANDRA GUTIERREZ GUERRERO,CESAR,VALLEDUPAR,VIVIENDAS TURÍSTICAS,2,APARTAMENTO TURÍSTICO,1,5
2024,3,163923,20001,20,ACTIVO,HOTEL LA ESMERALDA,CESAR,VALLEDUPAR,ESTABLECIMIENTOS DE ALOJAMIENTO TURÍSTICO,1,HOTEL,6,6
2024,4,163926,20001,20,ACTIVO,EL CAMPESTRE RESTO BAR,CESAR,VALLEDUPAR,ESTABLECIMIENTOS DE GASTRONOMÍA,1,RESTAURANTE,0,0
2024,3,163936,20001,20,ACTIVO,ANDREA CRISTINA ASSIS FIERRO,CESAR,VALLEDUPAR,VIVIENDAS TURÍSTICAS,0,OTRO TIPO DE VIVIENDA TURÍSTICA,4,10
2024,3,163941,20001,20,ACTIVO,ENCANTO VALLENATO,CESAR,VALLEDUPAR,ESTABLECIMIENTOS DE ALOJAMIENTO TURÍSTICO,1,HOTEL,17,22
2024,3,164952,20001,20,ACTIVO,HOTEL MARIA EUGENIA,CESAR,VALLEDUPAR,ESTABLECIMIENTOS DE ALOJAMIENTO TURÍSTICO,1,HOTEL,8,9
2024,3,165980,20001,20,ACTIVO,HOTEL VISTA HERMOSA HJ,CESAR,VALLEDUPAR,ESTABLECIMIENTOS DE ALOJAMIENTO TURÍSTICO,1,HOTEL,7,12
2024,3,165989,20001,20,ACTIVO,IVAN JOSE DE ARMAS LURAN,CESAR,VALLEDUPAR,VIVIENDAS TURÍSTICAS,0,FINCA TURISTICA (ALOJAMIENTO RURAL),1,6
2024,7,166989,20001,20,ACTIVO,INMOBILIARIA MARUP,CESAR,VALLEDUPAR,AGENCIAS DE VIAJES,1,AGENCIA DE VIAJES Y DE TURISMO,0,0
2024,4,167038,20001,20,ACTIVO,SAID  JOSE CORTES  CALDERON,CESAR,VALLEDUPAR,VIVIENDAS TURÍSTICAS,0,APARTAMENTO TURÍSTICO,1,4
2024,3,167039,20001,20,ACTIVO,YOLANDA  NAVARRO SANCHEZ,CESAR,VALLEDUPAR,VIVIENDAS TURÍSTICAS,0,APARTAMENTO TURÍSTICO,1,4
2024,4,168340,20001,20,ACTIVO,SEINDY TATIANA GONZALEZ ACOSTA,CESAR,VALLEDUPAR,VIVIENDAS TURÍSTICAS,0,OTRO TIPO DE VIVIENDA TURÍSTICA,1,11
2024,4,168341,20001,20,ACTIVO,ARIANI DE DIOS LASTRE ESCAÑO,CESAR,VALLEDUPAR,VIVIENDAS TURÍSTICAS,1,CASA TURÍSTICA,6,8
2024,1,169271,20001,20,ACTIVO,VALERY HERNANDO CASTRO VELEZ,CESAR,VALLEDUPAR,VIVIENDAS TURÍSTICAS,0,CASA TURÍSTICA,4,10
2024,1,169272,20001,20,ACTIVO,JORGE ARMANDO MARTINEZ PEREIRA,CESAR,VALLEDUPAR,GUIAS DE TURISMO,0,GUIA DE TURISMO,0,0
2024,1,169274,20001,20,ACTIVO,ANTONELLA  CASTRO HERRERA,CESAR,VALLEDUPAR,VIVIENDAS TURÍSTICAS,0,CASA TURÍSTICA,3,12
2024,2,169277,20001,20,ACTIVO,MARIO DAVID BAUTISTA COSTA,CESAR,VALLEDUPAR,VIVIENDAS TURÍSTICAS,0,APARTAMENTO TURÍSTICO,3,6
2024,3,169281,20001,20,ACTIVO,HOTEL SAMARK,CESAR,VALLEDUPAR,ESTABLECIMIENTOS DE ALOJAMIENTO TURÍSTICO,1,HOTEL,7,12
2024,3,169282,20001,20,ACTIVO,LICET ROSA DAZA DAZA,CESAR,VALLEDUPAR,VIVIENDAS TURÍSTICAS,0,OTRO TIPO DE VIVIENDA TURÍSTICA,1,1
2024,4,171882,20001,20,ACTIVO,BIBLOS EXPRESS.,CESAR,VALLEDUPAR,OPERADORES PROFESIONALES DE CONGRESOS FERIAS Y CONVENCIONES,1,OPERADOR PROFESIONAL DE CONGRESOS FERIAS Y CONVENCIONES,0,0
2024,3,171884,20001,20,ACTIVO,QUINTERO FONSECA OSCAR JAVIER,CESAR,VALLEDUPAR,VIVIENDAS TURÍSTICAS,0,CASA TURÍSTICA,4,10
2024,2,172319,20001,20,ACTIVO,FABIAN EMILIO RUIZ RESTREPO,CESAR,VALLEDUPAR,VIVIENDAS TURÍSTICAS,0,APARTAMENTO TURÍSTICO,1,2
2024,3,172470,20001,20,ACTIVO,TCM ENGINEERING GROUP,CESAR,VALLEDUPAR,OPERADORES PROFESIONALES DE CONGRESOS FERIAS Y CONVENCIONES,1,OPERADOR PROFESIONAL DE CONGRESOS FERIAS Y CONVENCIONES,0,0
2024,4,172870,20001,20,ACTIVO,MONICA PATRICIA OROZCO ZULETA,CESAR,VALLEDUPAR,VIVIENDAS TURÍSTICAS,0,APARTAMENTO TURÍSTICO,11,4
2024,3,172884,20001,20,ACTIVO,HOTEL VANS,CESAR,VALLEDUPAR,ESTABLECIMIENTOS DE ALOJAMIENTO TURÍSTICO,4,HOTEL,24,28
2024,3,172920,20001,20,ACTIVO,LEONARDO  VIDAL TOBAR,CESAR,VALLEDUPAR,GUIAS DE TURISMO,0,GUIA DE TURISMO,0,0
2024,3,174637,20001,20,ACTIVO,HOSTAL CACHETES VALLEDUPAR,CESAR,VALLEDUPAR,ESTABLECIMIENTOS DE ALOJAMIENTO TURÍSTICO,2,HOSTAL,6,10
2024,3,174770,20001,20,ACTIVO,HOTEL LA VIEJA SARA,CESAR,VALLEDUPAR,ESTABLECIMIENTOS DE ALOJAMIENTO TURÍSTICO,4,APARTAHOTEL,16,16
2024,2,175595,20001,20,ACTIVO,SONTOUR,CESAR,VALLEDUPAR,AGENCIAS DE VIAJES,3,AGENCIA DE VIAJES OPERADORAS,0,0
2024,2,176084,20001,20,ACTIVO,HOTEL EL 12,CESAR,VALLEDUPAR,ESTABLECIMIENTOS DE ALOJAMIENTO TURÍSTICO,2,HOTEL,11,15
2024,3,177460,20001,20,ACTIVO,CAÑAGUATE TRAVEL,CESAR,VALLEDUPAR,AGENCIAS DE VIAJES,1,AGENCIA DE VIAJES OPERADORAS,0,0
2024,4,177463,20001,20,ACTIVO,HOSTAL SANTA HELENA VALLEDUPAR,CESAR,VALLEDUPAR,ESTABLECIMIENTOS DE ALOJAMIENTO TURÍSTICO,2,HOSTAL,10,15
2024,2,178344,20001,20,ACTIVO,CASA CAMPO VILLA GLORIA,CESAR,VALLEDUPAR,VIVIENDAS TURÍSTICAS,1,OTRO TIPO DE VIVIENDA TURÍSTICA,3,6
2024,4,179471,20001,20,ACTIVO,SANDY CAROLINA SANTIAGO MANOSALVA,CESAR,VALLEDUPAR,VIVIENDAS TURÍSTICAS,0,APARTAMENTO TURÍSTICO,1,6
2024,4,179472,20001,20,ACTIVO,SAMIR ADOLFO SUAREZ OSPINO,CESAR,VALLEDUPAR,VIVIENDAS TURÍSTICAS,0,APARTAMENTO TURÍSTICO,2,5
2024,2,179475,20001,20,ACTIVO,ANDRES DANIEL MONTERO HERNANDEZ,CESAR,VALLEDUPAR,VIVIENDAS TURÍSTICAS,0,APARTAMENTO TURÍSTICO,2,2
2024,3,180396,20001,20,ACTIVO,BLADIMIRO MANJARRES TONCEL,CESAR,VALLEDUPAR,VIVIENDAS TURÍSTICAS,0,APARTAMENTO TURÍSTICO,1,4
2024,4,180905,20001,20,ACTIVO,MASSY MOTORS RENTALS VALLEDUPAR AEROPUERTO ALFONSO LÓPEZ PUMAREJO,CESAR,VALLEDUPAR,ARRENDADORES DE VEHÍCULOS PARA TURISMO NACIONAL E INTERNACIONAL,3,ARRENDADOR DE VEHICULOS PARA TURISMO NACIONAL E INTERNACIONAL,0,0
2024,2,183358,20001,20,ACTIVO,YEISMITH PAOLA PINEDA MENDOZA,CESAR,VALLEDUPAR,VIVIENDAS TURÍSTICAS,0,APARTAMENTO TURÍSTICO,3,5
2024,2,183392,20001,20,ACTIVO,HERNANDO  CASTRO ORTIZ,CESAR,VALLEDUPAR,VIVIENDAS TURÍSTICAS,0,OTRO TIPO DE VIVIENDA TURÍSTICA,4,9
2024,1,184804,20001,20,ACTIVO,HENRY JOSE QUINTERO JIMENEZ,CESAR,VALLEDUPAR,VIVIENDAS TURÍSTICAS,0,APARTAMENTO TURÍSTICO,1,5
2024,1,184805,20001,20,ACTIVO,HENRY JOSE QUINTERO JIMENEZ,CESAR,VALLEDUPAR,VIVIENDAS TURÍSTICAS,0,APARTAMENTO TURÍSTICO,1,5
2024,1,184806,20001,20,ACTIVO,HENRY JOSE QUINTERO JIMENEZ,CESAR,VALLEDUPAR,VIVIENDAS TURÍSTICAS,0,APARTAMENTO TURÍSTICO,1,5
2024,1,184808,20001,20,ACTIVO,HENRY JOSE QUINTERO JIMENEZ,CESAR,VALLEDUPAR,VIVIENDAS TURÍSTICAS,0,APARTAMENTO TURÍSTICO,1,5
2024,1,184810,20001,20,ACTIVO,HENRY JOSE QUINTERO JIMENEZ,CESAR,VALLEDUPAR,VIVIENDAS TURÍSTICAS,0,APARTAMENTO TURÍSTICO,1,5
2024,2,185727,20001,20,ACTIVO,CANDIDA ROSA BARRIOS ORTEGA,CESAR,VALLEDUPAR,VIVIENDAS TURÍSTICAS,0,OTRO TIPO DE VIVIENDA TURÍSTICA,2,5
2024,3,185729,20001,20,ACTIVO,VERONICA PATRICIA PADILLA MAZA,CESAR,VALLEDUPAR,VIVIENDAS TURÍSTICAS,0,CASA TURÍSTICA,8,8
2024,2,186061,20001,20,ACTIVO,ANDREA CAROLINA RANGEL QUINTERO,CESAR,VALLEDUPAR,VIVIENDAS TURÍSTICAS,0,APARTAMENTO TURÍSTICO,3,6
2024,1,186383,20001,20,ACTIVO,HENRY JOSE QUINTERO JIMENEZ,CESAR,VALLEDUPAR,VIVIENDAS TURÍSTICAS,0,APARTAMENTO TURÍSTICO,1,4
2024,4,186392,20001,20,ACTIVO,EDUARDO  LUIS NUÑEZ SOTO,CESAR,VALLEDUPAR,VIVIENDAS TURÍSTICAS,0,APARTAMENTO TURÍSTICO,2,5
2024,2,186393,20001,20,ACTIVO,EDUARDO  LUIS NUÑEZ SOTO,CESAR,VALLEDUPAR,VIVIENDAS TURÍSTICAS,0,APARTAMENTO TURÍSTICO,1,5
2024,4,187214,20001,20,ACTIVO,LA MALAGUEÑA RESTAURANTE,CESAR,VALLEDUPAR,ESTABLECIMIENTOS DE GASTRONOMÍA,1,RESTAURANTE,0,0
2024,2,188008,20001,20,ACTIVO,FUNDAFACETA,CESAR,VALLEDUPAR,AGENCIAS DE VIAJES,1,AGENCIA DE VIAJES Y DE TURISMO,0,0
2024,1,188009,20001,20,ACTIVO,VALERY HERNANDO CASTRO VELEZ,CESAR,VALLEDUPAR,VIVIENDAS TURÍSTICAS,0,CASA TURÍSTICA,5,10
2024,3,188854,20001,20,ACTIVO,ALBA RESURRECCION PABON PORTILLA,CESAR,VALLEDUPAR,VIVIENDAS TURÍSTICAS,0,APARTAMENTO TURÍSTICO,3,3
2024,4,189016,20001,20,ACTIVO,MARINELLIS  FUENTES MENDOZA,CESAR,VALLEDUPAR,VIVIENDAS TURÍSTICAS,0,APARTAMENTO TURÍSTICO,7,7
2024,4,189024,20001,20,ACTIVO,DIANA MARIA QUINTERO MARTINEZ,CESAR,VALLEDUPAR,VIVIENDAS TURÍSTICAS,0,APARTAMENTO TURÍSTICO,1,4
2024,2,189464,20001,20,ACTIVO,HERNANDO  CASTRO ORTIZ,CESAR,VALLEDUPAR,VIVIENDAS TURÍSTICAS,0,APARTAMENTO TURÍSTICO,1,4
2024,4,190135,20001,20,ACTIVO,GROUP INTERKAR,CESAR,VALLEDUPAR,EMPRESAS DE TRANSPORTE TERRESTRE AUTOMOTOR,2,TRANSPORTE TERRESTRE AUTOMOTOR ESPECIAL,0,0
2024,3,190137,20001,20,ACTIVO,BREYK ARNOLD QUINTERO BAYONA,CESAR,VALLEDUPAR,VIVIENDAS TURÍSTICAS,0,OTRO TIPO DE VIVIENDA TURÍSTICA,3,5
2024,2,190446,20001,20,ACTIVO,ARJEIDE JOSE PINEDA MENDOZA,CESAR,VALLEDUPAR,VIVIENDAS TURÍSTICAS,0,APARTAMENTO TURÍSTICO,3,6
2024,3,190447,20001,20,ACTIVO,BORIS  DIAZ GRANADOS DE LA HOZ,CESAR,VALLEDUPAR,GUIAS DE TURISMO,0,GUIA DE TURISMO,0,0
2024,1,191139,20001,20,ACTIVO,BEDER ANDRES GUERRA ANGARITA,CESAR,VALLEDUPAR,VIVIENDAS TURÍSTICAS,0,APARTAMENTO TURÍSTICO,1,6
2024,1,191223,20001,20,ACTIVO,JOSE LUIS ESPINOZA MORENO,CESAR,VALLEDUPAR,VIVIENDAS TURÍSTICAS,0,APARTAMENTO TURÍSTICO,1,6
2024,1,191269,20001,20,ACTIVO,SANDRA  MILENA CUBILLOS MARTINEZ,CESAR,VALLEDUPAR,VIVIENDAS TURÍSTICAS,0,APARTAMENTO TURÍSTICO,1,3
2024,1,191278,20001,20,ACTIVO,CAÑAGUATE TRAVEL 1,CESAR,VALLEDUPAR,AGENCIAS DE VIAJES,1,AGENCIA DE VIAJES OPERADORAS,0,0
2024,1,191376,20001,20,ACTIVO,CERPA COLINA STEFANNY,CESAR,VALLEDUPAR,VIVIENDAS TURÍSTICAS,0,CASA TURÍSTICA,2,24
2024,1,191778,20001,20,ACTIVO,CERPA COLINA STEFANNY,CESAR,VALLEDUPAR,VIVIENDAS TURÍSTICAS,0,CASA TURÍSTICA,1,14
2024,1,191924,20001,20,ACTIVO,HOTEL CARIBE PREMIUM,CESAR,VALLEDUPAR,ESTABLECIMIENTOS DE ALOJAMIENTO TURÍSTICO,1,HOTEL,8,23
2024,1,192266,20001,20,ACTIVO,ANA MARIA OÑATE CUELLO,CESAR,VALLEDUPAR,VIVIENDAS TURÍSTICAS,0,CASA TURÍSTICA,1,2
2024,1,192453,20001,20,ACTIVO,LILIANA  PERALTA CONSUEGRA,CESAR,VALLEDUPAR,VIVIENDAS TURÍSTICAS,0,APARTAMENTO TURÍSTICO,1,8
2024,1,192944,20001,20,ACTIVO,ANDRES RAUL JAIMES LUQUE,CESAR,VALLEDUPAR,VIVIENDAS TURÍSTICAS,0,APARTAMENTO TURÍSTICO,2,5
2024,1,193672,20001,20,ACTIVO,TURIVAP,CESAR,VALLEDUPAR,AGENCIAS DE VIAJES,1,AGENCIA DE VIAJES OPERADORAS,0,0
2024,1,193697,20001,20,ACTIVO,ERIKA ALEXANDRA VARGAS MONTAÑO,CESAR,VALLEDUPAR,VIVIENDAS TURÍSTICAS,0,OTRO TIPO DE VIVIENDA TURÍSTICA,2,10
2024,1,193791,20001,20,ACTIVO,ERIKA ALEXANDRA VARGAS MONTAÑO,CESAR,VALLEDUPAR,VIVIENDAS TURÍSTICAS,0,OTRO TIPO DE VIVIENDA TURÍSTICA,1,6
2024,2,194402,20001,20,ACTIVO,MARITZA  PRECIADO  ROSADO,CESAR,VALLEDUPAR,VIVIENDAS TURÍSTICAS,0,CASA TURÍSTICA,3,6
2024,2,194829,20001,20,ACTIVO,DISTRIBUCIONES FUNSOCIAL,CESAR,VALLEDUPAR,OPERADORES PROFESIONALES DE CONGRESOS FERIAS Y CONVENCIONES,1,OPERADOR PROFESIONAL DE CONGRESOS FERIAS Y CONVENCIONES,0,0
2024,2,194868,20001,20,ACTIVO,MARIA CECILIA GUERRA LOPEZ,CESAR,VALLEDUPAR,VIVIENDAS TURÍSTICAS,0,APARTAMENTO TURÍSTICO,5,4
2024,2,194885,20001,20,ACTIVO,SAMUEL GONZALEZ RODRIGUEZ,CESAR,VALLEDUPAR,VIVIENDAS TURÍSTICAS,0,CASA TURÍSTICA,1,4
2024,2,195011,20001,20,ACTIVO,ADA LUZ TOVAR GONZALEZ,CESAR,VALLEDUPAR,VIVIENDAS TURÍSTICAS,0,OTRO TIPO DE VIVIENDA TURÍSTICA,1,1
2024,2,195014,20001,20,ACTIVO,ADA LUZ TOVAR GONZALEZ,CESAR,VALLEDUPAR,VIVIENDAS TURÍSTICAS,0,OTRO TIPO DE VIVIENDA TURÍSTICA,1,1
2024,2,195113,20001,20,ACTIVO,CARDENAS DE SOTO JOSEFINA DEL SOCORRO,CESAR,VALLEDUPAR,VIVIENDAS TURÍSTICAS,0,OTRO TIPO DE VIVIENDA TURÍSTICA,8,16
2024,2,195679,20001,20,ACTIVO,HOTEL BILLARES Y RESIDENCIA PUNTO CLAVE,CESAR,VALLEDUPAR,ESTABLECIMIENTOS DE ALOJAMIENTO TURÍSTICO,3,HOTEL,1,26
2024,2,195747,20001,20,ACTIVO,ADA LUZ TOVAR GONZALEZ,CESAR,VALLEDUPAR,VIVIENDAS TURÍSTICAS,0,APARTAMENTO TURÍSTICO,1,4
2024,2,195754,20001,20,ACTIVO,CARLOS ANDRES GONZALEZ LAGARES,CESAR,VALLEDUPAR,VIVIENDAS TURÍSTICAS,0,APARTAMENTO TURÍSTICO,1,6
2024,2,195776,20001,20,ACTIVO,STELLA  CALDERON CALDERON,CESAR,VALLEDUPAR,VIVIENDAS TURÍSTICAS,0,APARTAMENTO TURÍSTICO,1,6
2024,2,195815,20001,20,ACTIVO,SAMUEL GONZALEZ RODRIGUEZ,CESAR,VALLEDUPAR,VIVIENDAS TURÍSTICAS,0,FINCA TURISTICA (ALOJAMIENTO RURAL),1,6
2024,2,195817,20001,20,ACTIVO,CARREÑO SILVA MARY LUZ,CESAR,VALLEDUPAR,VIVIENDAS TURÍSTICAS,0,APARTAMENTO TURÍSTICO,3,5
2024,2,195824,20001,20,ACTIVO,ADA LUZ TOVAR GONZALEZ,CESAR,VALLEDUPAR,VIVIENDAS TURÍSTICAS,0,APARTAMENTO TURÍSTICO,1,2
2024,3,195868,20001,20,ACTIVO,CARRILLO DE BRACHO ASTRID,CESAR,VALLEDUPAR,VIVIENDAS TURÍSTICAS,0,APARTAMENTO TURÍSTICO,1,3
2024,2,195899,20001,20,ACTIVO,NAIN JAIMES JAIMES,CESAR,VALLEDUPAR,VIVIENDAS TURÍSTICAS,0,CASA TURÍSTICA,1,4
2024,2,196232,20001,20,ACTIVO,YURYS  YUDANYS CAMPO  BELTRAN,CESAR,VALLEDUPAR,VIVIENDAS TURÍSTICAS,0,CASA TURÍSTICA,1,9
2024,2,196329,20001,20,ACTIVO,OLAM HOTEL,CESAR,VALLEDUPAR,ESTABLECIMIENTOS DE ALOJAMIENTO TURÍSTICO,1,HOTEL,16,26
2024,2,196332,20001,20,ACTIVO,HOTEL CASA VALLENATA,CESAR,VALLEDUPAR,ESTABLECIMIENTOS DE ALOJAMIENTO TURÍSTICO,1,HOTEL,10,10
2024,2,196374,20001,20,ACTIVO,ALVAREZ ANGARITA CARLOS MARIA,CESAR,VALLEDUPAR,VIVIENDAS TURÍSTICAS,0,CASA TURÍSTICA,1,17
2024,2,197397,20001,20,ACTIVO,BERNARDO ABAD BOLAÑO FRAGOZO,CESAR,VALLEDUPAR,GUIAS DE TURISMO,0,GUIA DE TURISMO,0,0
2024,2,197673,20001,20,ACTIVO,DAYANA PATRICIA DIAZ PEREZ,CESAR,VALLEDUPAR,VIVIENDAS TURÍSTICAS,0,APARTAMENTO TURÍSTICO,1,6
2024,2,197721,20001,20,ACTIVO,ALEJANDRO  MUÑOZ GUERRA,CESAR,VALLEDUPAR,VIVIENDAS TURÍSTICAS,0,APARTAMENTO TURÍSTICO,3,3
2024,2,198265,20001,20,ACTIVO,MANUEL ANTONIO GARCIA CUELLO,CESAR,VALLEDUPAR,VIVIENDAS TURÍSTICAS,0,APARTAMENTO TURÍSTICO,1,3
2024,2,198287,20001,20,ACTIVO,YENNYS ESNITH FLOREZ GARCIA,CESAR,VALLEDUPAR,VIVIENDAS TURÍSTICAS,0,APARTAMENTO TURÍSTICO,6,12
2024,2,198296,20001,20,ACTIVO,YENNYS ESNITH FLOREZ GARCIA,CESAR,VALLEDUPAR,VIVIENDAS TURÍSTICAS,0,APARTAMENTO TURÍSTICO,1,13
2024,2,198297,20001,20,ACTIVO,YENNYS ESNITH FLOREZ GARCIA,CESAR,VALLEDUPAR,VIVIENDAS TURÍSTICAS,0,CASA TURÍSTICA,1,10
2024,2,198481,20001,20,ACTIVO,BAUTISTA COSTA MARIO DAVID,CESAR,VALLEDUPAR,VIVIENDAS TURÍSTICAS,0,APARTAMENTO TURÍSTICO,2,6
2024,2,198482,20001,20,ACTIVO,BAUTISTA COSTA MARIO DAVID,CESAR,VALLEDUPAR,VIVIENDAS TURÍSTICAS,0,FINCA TURISTICA (ALOJAMIENTO RURAL),1,6
2024,3,199186,20001,20,ACTIVO,CAMPO RAMIREZ NEILA ASTRIHT,CESAR,VALLEDUPAR,VIVIENDAS TURÍSTICAS,0,OTRO TIPO DE VIVIENDA TURÍSTICA,3,3
2024,3,199376,20001,20,ACTIVO,HOSTAL CARACOLI  HUECO,CESAR,VALLEDUPAR,ESTABLECIMIENTOS DE ALOJAMIENTO TURÍSTICO,1,HOSTAL,9,21
2024,3,199449,20001,20,ACTIVO,HOTEL VALLE CENTRAL,CESAR,VALLEDUPAR,ESTABLECIMIENTOS DE ALOJAMIENTO TURÍSTICO,1,APARTAHOTEL,10,26
2024,3,199786,20001,20,ACTIVO,CLARA ESTELA CALA DE PLA,CESAR,VALLEDUPAR,VIVIENDAS TURÍSTICAS,0,APARTAMENTO TURÍSTICO,1,4
2024,3,199811,20001,20,ACTIVO,HOSTAL Y PARQUEADERO SANTANDER,CESAR,VALLEDUPAR,ESTABLECIMIENTOS DE ALOJAMIENTO TURÍSTICO,3,HOSTAL,26,52
2024,3,199873,20001,20,ACTIVO,POSADA MARIANGOLA,CESAR,VALLEDUPAR,ESTABLECIMIENTOS DE ALOJAMIENTO TURÍSTICO,2,HOSTAL,1,17
2024,3,200190,20001,20,ACTIVO,ALEJANDRO  MUÑOZ GUERRA,CESAR,VALLEDUPAR,VIVIENDAS TURÍSTICAS,0,CASA TURÍSTICA,3,12
2024,3,201443,20001,20,ACTIVO,SHIRLY PAOLA RINCON CADENA,CESAR,VALLEDUPAR,VIVIENDAS TURÍSTICAS,0,OTRO TIPO DE VIVIENDA TURÍSTICA,1,12
2024,3,201890,20001,20,ACTIVO,EBED SHADAI CALDERON ROSALES,CESAR,VALLEDUPAR,VIVIENDAS TURÍSTICAS,0,CASA TURÍSTICA,3,6
2024,3,201945,20001,20,ACTIVO,MARIAN VALENTINA CORREA DUEÑAS,CESAR,VALLEDUPAR,VIVIENDAS TURÍSTICAS,0,CASA TURÍSTICA,5,8
2024,3,201961,20001,20,ACTIVO,MARGARITA PIEDAD CUELLO DE LA HOZ,CESAR,VALLEDUPAR,VIVIENDAS TURÍSTICAS,0,APARTAMENTO TURÍSTICO,3,5
2024,3,201980,20001,20,ACTIVO,CASA FERRANDIS,CESAR,VALLEDUPAR,ESTABLECIMIENTOS DE ALOJAMIENTO TURÍSTICO,2,HOTEL,4,4
2024,3,202180,20001,20,ACTIVO,YULEZY ENITH BAYONA SARAVIA,CESAR,VALLEDUPAR,VIVIENDAS TURÍSTICAS,0,CASA TURÍSTICA,1,4
2024,3,202485,20001,20,ACTIVO,MARIAN VALENTINA CORREA DUEÑAS,CESAR,VALLEDUPAR,VIVIENDAS TURÍSTICAS,0,APARTAMENTO TURÍSTICO,5,5
2024,3,202567,20001,20,ACTIVO,ARJEIDE JOSE PINEDA MENDOZA,CESAR,VALLEDUPAR,VIVIENDAS TURÍSTICAS,0,CASA TURÍSTICA,1,3
2024,3,202599,20001,20,ACTIVO,ORLANDO  MATIZ GUTIERREZ,CESAR,VALLEDUPAR,VIVIENDAS TURÍSTICAS,0,CASA TURÍSTICA,6,5
2024,3,202834,20001,20,ACTIVO,MILLAN BURGOS CECILIA,CESAR,VALLEDUPAR,VIVIENDAS TURÍSTICAS,0,CASA TURÍSTICA,10,5
2024,3,203295,20001,20,ACTIVO,CAROLINA PAOLA OROZCO CAÑIZARES,CESAR,VALLEDUPAR,VIVIENDAS TURÍSTICAS,0,APARTAMENTO TURÍSTICO,1,3
2024,3,203346,20001,20,ACTIVO,GISELA PAOLA ARAUJO RADA,CESAR,VALLEDUPAR,VIVIENDAS TURÍSTICAS,0,APARTAMENTO TURÍSTICO,1,2
2024,4,203508,20001,20,ACTIVO,MARIA CAMILA MENDOZA PEREZ,CESAR,VALLEDUPAR,VIVIENDAS TURÍSTICAS,0,CASA TURÍSTICA,4,12
2024,4,203630,20001,20,ACTIVO,CASTRO ACOSTA MARIA JULIANA,CESAR,VALLEDUPAR,VIVIENDAS TURÍSTICAS,0,CASA TURÍSTICA,6,3
2024,4,203825,20001,20,ACTIVO,LUZ MARINA ZAMBRANO MARTINEZ,CESAR,VALLEDUPAR,VIVIENDAS TURÍSTICAS,0,APARTAMENTO TURÍSTICO,1,6
2024,4,203894,20001,20,ACTIVO,TRANSPORTES Y SERVICIOS ESPECIALES PLATINO TOURS INTERNACIONAL SR,CESAR,VALLEDUPAR,EMPRESAS DE TRANSPORTE TERRESTRE AUTOMOTOR,2,TRANSPORTE TERRESTRE AUTOMOTOR ESPECIAL,0,0
2024,4,203929,20001,20,ACTIVO,ALEXANDER  MOLINA GAMEZ,CESAR,VALLEDUPAR,GUIAS DE TURISMO,0,GUIA DE TURISMO,0,0
2024,4,204263,20001,20,ACTIVO,DIOS EMIRO GALVIS SANGUINO,CESAR,VALLEDUPAR,VIVIENDAS TURÍSTICAS,0,APARTAMENTO TURÍSTICO,6,15
2024,4,204314,20001,20,ACTIVO,GONZALEZ RODRIGUEZ SAMUEL,CESAR,VALLEDUPAR,VIVIENDAS TURÍSTICAS,0,CASA TURÍSTICA,1,5
2024,4,204428,20001,20,ACTIVO,TRANSPORTE EMPRESARIAL SIN FRONTERA,CESAR,VALLEDUPAR,EMPRESAS DE TRANSPORTE TERRESTRE AUTOMOTOR,1,TRANSPORTE TERRESTRE AUTOMOTOR ESPECIAL,0,0
2024,4,204757,20001,20,ACTIVO,CORPORACIÓN LUMBREN,CESAR,VALLEDUPAR,VIVIENDAS TURÍSTICAS,0,APARTAMENTO TURÍSTICO,4,6
2024,4,204758,20001,20,ACTIVO,CORPORACIÓN LUMBREN,CESAR,VALLEDUPAR,VIVIENDAS TURÍSTICAS,0,CASA TURÍSTICA,1,4
2024,4,204848,20001,20,ACTIVO,BIBLOS EXPRESS.,CESAR,VALLEDUPAR,ESTABLECIMIENTOS DE GASTRONOMÍA,1,RESTAURANTE,0,0
2024,4,204849,20001,20,ACTIVO,RESTAURANTE KREEF,CESAR,VALLEDUPAR,ESTABLECIMIENTOS DE GASTRONOMÍA,1,RESTAURANTE DE AUTOSERVICIO,0,0
2024,4,205090,20001,20,ACTIVO,EL TRIUNFO SAS,CESAR,VALLEDUPAR,EMPRESAS DE TRANSPORTE TERRESTRE AUTOMOTOR,1,TRANSPORTE TERRESTRE AUTOMOTOR ESPECIAL,0,0
2024,4,205091,20001,20,ACTIVO,LOGISTICA Y SUMINISTROS DEL CARIBE,CESAR,VALLEDUPAR,ESTABLECIMIENTOS DE GASTRONOMÍA,1,RESTAURANTE,0,0
2024,4,205128,20001,20,ACTIVO,SOFIA  RUEDA FRANCO,CESAR,VALLEDUPAR,VIVIENDAS TURÍSTICAS,0,APARTAMENTO TURÍSTICO,1,8
2024,4,205255,20001,20,ACTIVO,TRANSPORTES ESPECIALES CESCOL,CESAR,VALLEDUPAR,EMPRESAS DE TRANSPORTE TERRESTRE AUTOMOTOR,2,OPERADOR DE CHIVAS,0,0
2024,4,205358,20001,20,ACTIVO,CAROLAY LORENA BRACHO RAMIREZ,CESAR,VALLEDUPAR,VIVIENDAS TURÍSTICAS,0,CASA TURÍSTICA,3,6
2024,4,205517,20001,20,ACTIVO,MARIA LETICIA MENDOZA VASQUEZ,CESAR,VALLEDUPAR,VIVIENDAS TURÍSTICAS,0,CASA TURÍSTICA,10,10
2024,4,205520,20001,20,ACTIVO,HOTEL PROGRESO PLAZA,CESAR,VALLEDUPAR,ESTABLECIMIENTOS DE ALOJAMIENTO TURÍSTICO,1,HOTEL,10,34
2024,4,205534,20001,20,ACTIVO,ALVARO DANIEL CALDERON CARDENAS,CESAR,VALLEDUPAR,VIVIENDAS TURÍSTICAS,0,APARTAMENTO TURÍSTICO,1,3
2024,4,205897,20001,20,ACTIVO,ALFONSO JAVIER MOLINA CARRILLO,CESAR,VALLEDUPAR,VIVIENDAS TURÍSTICAS,0,CASA TURÍSTICA,1,4
2024,4,206024,20001,20,ACTIVO,CARLOS ALBERTO VARGAS CUBILLOS,CESAR,VALLEDUPAR,VIVIENDAS TURÍSTICAS,0,CASA TURÍSTICA,3,3
2024,4,206102,20001,20,ACTIVO,LINKY S.A.S.,CESAR,VALLEDUPAR,VIVIENDAS TURÍSTICAS,0,CASA TURÍSTICA,1,2
2024,4,206117,20001,20,ACTIVO,CARLOS DANIEL ALARCON ORTIZ,CESAR,VALLEDUPAR,VIVIENDAS TURÍSTICAS,0,APARTAMENTO TURÍSTICO,5,20
2024,4,206264,20001,20,ACTIVO,INVERSIONES NATIVO DEL VALLE,CESAR,VALLEDUPAR,ESTABLECIMIENTOS DE ALOJAMIENTO TURÍSTICO,1,HOTEL,12,12
2024,4,206353,20001,20,ACTIVO,JOSEFA LEONOR HERNANDEZ PALACIO,CESAR,VALLEDUPAR,VIVIENDAS TURÍSTICAS,0,APARTAMENTO TURÍSTICO,1000000,7
2024,4,206376,20001,20,ACTIVO,ALEJANDRO  MUÑOZ GUERRA,CESAR,VALLEDUPAR,VIVIENDAS TURÍSTICAS,0,APARTAMENTO TURÍSTICO,1,3
2024,4,206632,20001,20,ACTIVO,FERNANDEZ GAVIRIA CARLOS EDBERTO,CESAR,VALLEDUPAR,VIVIENDAS TURÍSTICAS,0,APARTAMENTO TURÍSTICO,1,4
2024,4,206706,20001,20,ACTIVO,DANIEL  MAURICIO ECHEVERRI  DE LA HOZ,CESAR,VALLEDUPAR,VIVIENDAS TURÍSTICAS,0,APARTAMENTO TURÍSTICO,3,5
2024,4,206757,20001,20,ACTIVO,MYRIAM ELENA SILVA SANGUINO,CESAR,VALLEDUPAR,VIVIENDAS TURÍSTICAS,0,APARTAMENTO TURÍSTICO,1,4
2024,4,206815,20001,20,ACTIVO,JENNIFER TATIANA MEDINA RODRIGUEZ,CESAR,VALLEDUPAR,VIVIENDAS TURÍSTICAS,0,APARTAMENTO TURÍSTICO,2,5
2024,4,206895,20001,20,ACTIVO,YENNYS ESNITH FLOREZ GARCIA,CESAR,VALLEDUPAR,VIVIENDAS TURÍSTICAS,0,APARTAMENTO TURÍSTICO,111,666601
2024,4,206924,20001,20,ACTIVO,HOTEL NUTIBARA GOLD,CESAR,VALLEDUPAR,ESTABLECIMIENTOS DE ALOJAMIENTO TURÍSTICO,1,HOTEL,21,25
2024,4,206944,20001,20,ACTIVO,CONJUNTO RESIDENCIAL BALCONES DE NOVALITO,CESAR,VALLEDUPAR,VIVIENDAS TURÍSTICAS,0,APARTAMENTO TURÍSTICO,1,8
2024,4,207075,20001,20,ACTIVO,JACIVES MILDRETH CIFUENTES ALMENDRALES,CESAR,VALLEDUPAR,VIVIENDAS TURÍSTICAS,0,CASA TURÍSTICA,1,4
2024,4,207147,20001,20,ACTIVO,SUMINISTROS Y LOGISTICA SL,CESAR,VALLEDUPAR,OPERADORES PROFESIONALES DE CONGRESOS FERIAS Y CONVENCIONES,1,OPERADOR PROFESIONAL DE CONGRESOS FERIAS Y CONVENCIONES,0,0
2024,4,207192,20001,20,ACTIVO,FALEG WORLD,CESAR,VALLEDUPAR,ESTABLECIMIENTOS DE ALOJAMIENTO TURÍSTICO,1,HOTEL,13,13
2024,4,207206,20001,20,ACTIVO,RICHARD JOSE JOIRO APONTE,CESAR,VALLEDUPAR,VIVIENDAS TURÍSTICAS,0,CASA TURÍSTICA,1,8
2024,4,207398,20001,20,ACTIVO,JOHNNYS EDUARDO URIBE RAMOS,CESAR,VALLEDUPAR,VIVIENDAS TURÍSTICAS,0,APARTAMENTO TURÍSTICO,1,5
2024,4,207487,20001,20,ACTIVO,ANDRES FABIAN AFANADOR PALOMINO,CESAR,VALLEDUPAR,VIVIENDAS TURÍSTICAS,0,FINCA TURISTICA (ALOJAMIENTO RURAL),20,15
2024,4,207493,20001,20,ACTIVO,LOPEZ URIBE LUIS GEOVANNY,CESAR,VALLEDUPAR,VIVIENDAS TURÍSTICAS,0,CASA TURÍSTICA,3,3
2024,4,207496,20001,20,ACTIVO,SOLUCIONES C&C,CESAR,VALLEDUPAR,OPERADORES PROFESIONALES DE CONGRESOS FERIAS Y CONVENCIONES,3,OPERADOR PROFESIONAL DE CONGRESOS FERIAS Y CONVENCIONES,0,0
2024,4,207502,20001,20,ACTIVO,ANDRES FABIAN AFANADOR PALOMINO,CESAR,VALLEDUPAR,VIVIENDAS TURÍSTICAS,0,CASA TURÍSTICA,10,6
2024,4,207531,20001,20,ACTIVO,GONZALEZ RODRIGUEZ SAMUEL,CESAR,VALLEDUPAR,VIVIENDAS TURÍSTICAS,0,APARTAMENTO TURÍSTICO,1,4
2024,4,207573,20001,20,ACTIVO,ALEXANDRA DEL PILAR JIMENEZ OROZCO,CESAR,VALLEDUPAR,VIVIENDAS TURÍSTICAS,0,CASA TURÍSTICA,1,8
2024,4,207613,20001,20,ACTIVO,RAFAEL JOSE PINO HERNANDEZ,CESAR,VALLEDUPAR,VIVIENDAS TURÍSTICAS,0,APARTAMENTO TURÍSTICO,1,6
2024,4,207745,20001,20,ACTIVO,KARINA MARGARITA PEREZ MATIZ,CESAR,VALLEDUPAR,VIVIENDAS TURÍSTICAS,0,CASA TURÍSTICA,1,8
2024,4,207847,20001,20,ACTIVO,ELIANA ALEXANDRA GARCIA CASTAÑO,CESAR,VALLEDUPAR,VIVIENDAS TURÍSTICAS,0,APARTAMENTO TURÍSTICO,6,5
2024,4,207878,20001,20,ACTIVO,ECO HOTEL EL BOSQUE VALLEDUPAR,CESAR,VALLEDUPAR,ESTABLECIMIENTOS DE ALOJAMIENTO TURÍSTICO,0,HOTEL,30,50
2024,5,208175,20001,20,ACTIVO,GONZALEZ RODRIGUEZ SAMUEL,CESAR,VALLEDUPAR,VIVIENDAS TURÍSTICAS,0,APARTAMENTO TURÍSTICO,1,5
2024,5,208226,20001,20,ACTIVO,NULBIS ROSARIO DIAZ DAZA,CESAR,VALLEDUPAR,VIVIENDAS TURÍSTICAS,0,APARTAMENTO TURÍSTICO,3,2
2024,5,208871,20001,20,ACTIVO,AISKELI KIXARI SARDOTH REDONDO,CESAR,VALLEDUPAR,VIVIENDAS TURÍSTICAS,0,APARTAMENTO TURÍSTICO,10,5
2024,5,209038,20001,20,ACTIVO,EDGAR HAMETH CARIACIOLO IGLESIAS,CESAR,VALLEDUPAR,VIVIENDAS TURÍSTICAS,0,APARTAMENTO TURÍSTICO,2,1
2024,5,209518,20001,20,ACTIVO,ANA OLIVA TORO MINORTA,CESAR,VALLEDUPAR,VIVIENDAS TURÍSTICAS,0,APARTAMENTO TURÍSTICO,3,7
2024,5,209656,20001,20,ACTIVO,HOTEL VALLENATO,CESAR,VALLEDUPAR,ESTABLECIMIENTOS DE ALOJAMIENTO TURÍSTICO,1,HOTEL,10,20
2024,5,210141,20001,20,ACTIVO,TRANSPORTES ATLANTIC EXPRESS,CESAR,VALLEDUPAR,EMPRESAS DE TRANSPORTE TERRESTRE AUTOMOTOR,3,TRANSPORTE TERRESTRE AUTOMOTOR ESPECIAL,0,0
2024,5,210383,20001,20,ACTIVO,MUSEO EL COCHA MOLINA,CESAR,VALLEDUPAR,OPERADORES PROFESIONALES DE CONGRESOS FERIAS Y CONVENCIONES,1,OPERADOR PROFESIONAL DE CONGRESOS FERIAS Y CONVENCIONES,0,0
2024,5,210889,20001,20,ACTIVO,SPECIALCAR PREMIUM,CESAR,VALLEDUPAR,EMPRESAS DE TRANSPORTE TERRESTRE AUTOMOTOR,1,TRANSPORTE TERRESTRE AUTOMOTOR ESPECIAL,0,0
2024,5,211024,20001,20,ACTIVO,JUAN CARLOS ARAQUE LINDARTE,CESAR,VALLEDUPAR,VIVIENDAS TURÍSTICAS,0,APARTAMENTO TURÍSTICO,1,6
2024,5,211358,20001,20,ACTIVO,TATIANA  ROMERO BEDOYA,CESAR,VALLEDUPAR,VIVIENDAS TURÍSTICAS,0,APARTAMENTO TURÍSTICO,1,6
2024,6,211549,20001,20,ACTIVO,SERVICIOS ASAD,CESAR,VALLEDUPAR,VIVIENDAS TURÍSTICAS,1,OTRO TIPO DE VIVIENDA TURÍSTICA,8,20
2024,6,212075,20001,20,ACTIVO,JULIETH ANDREA LOPEZ FERNANDEZ,CESAR,VALLEDUPAR,VIVIENDAS TURÍSTICAS,0,APARTAMENTO TURÍSTICO,1,6
2024,6,212225,20001,20,ACTIVO,SAX INVERSIONES,CESAR,VALLEDUPAR,AGENCIAS DE VIAJES,2,AGENCIA DE VIAJES Y DE TURISMO,0,0
2024,6,212340,20001,20,ACTIVO,WALDIR ANDRES VEGA TORRES,CESAR,VALLEDUPAR,VIVIENDAS TURÍSTICAS,0,OTRO TIPO DE VIVIENDA TURÍSTICA,2,5
2024,6,212422,20001,20,ACTIVO,NINI JHOANA ANAYA MELENDEZ,CESAR,VALLEDUPAR,VIVIENDAS TURÍSTICAS,0,CASA TURÍSTICA,3,4
2024,6,212425,20001,20,ACTIVO,NINI JHOANA ANAYA MELENDEZ,CESAR,VALLEDUPAR,VIVIENDAS TURÍSTICAS,0,APARTAMENTO TURÍSTICO,3,4
2024,6,212487,20001,20,ACTIVO,JOSE JAIR LONDOÑO BERNAL,CESAR,VALLEDUPAR,VIVIENDAS TURÍSTICAS,0,FINCA TURISTICA (ALOJAMIENTO RURAL),5,16
2024,6,212716,20001,20,ACTIVO,JAIRO ENRRIQUE GUTIERREZ NUÑEZ,CESAR,VALLEDUPAR,VIVIENDAS TURÍSTICAS,0,OTRO TIPO DE VIVIENDA TURÍSTICA,1,1
2024,6,213058,20001,20,ACTIVO,EDUARDO  LUIS NUÑEZ SOTO,CESAR,VALLEDUPAR,VIVIENDAS TURÍSTICAS,0,APARTAMENTO TURÍSTICO,1,4
2024,6,213208,20001,20,ACTIVO,CLUB DEPORTIVO GUATAPURI,CESAR,VALLEDUPAR,CONCESIONARIOS DE SERVICIOS TURÍSTICOS EN PARQUE,1,CONCESIONARIO DE SERVICIOS TURÍSTICOS EN PARQUE,0,0
2024,7,214391,20001,20,ACTIVO,HOSTAL MI CASITA,CESAR,VALLEDUPAR,ESTABLECIMIENTOS DE ALOJAMIENTO TURÍSTICO,1,HOSTAL,25,14
2024,7,214440,20001,20,ACTIVO,HOTEL LEYENDA VALLENATA & LOBO,CESAR,VALLEDUPAR,ESTABLECIMIENTOS DE ALOJAMIENTO TURÍSTICO,3,HOTEL,14,17
2024,7,214606,20001,20,ACTIVO,LARA CORREA ROSA MILENA,CESAR,VALLEDUPAR,VIVIENDAS TURÍSTICAS,0,CASA TURÍSTICA,4,5
2024,7,214930,20001,20,ACTIVO,RYR_TOURS,CESAR,VALLEDUPAR,AGENCIAS DE VIAJES,1,AGENCIA DE VIAJES Y DE TURISMO,0,0
2024,7,214941,20001,20,ACTIVO,JESUS DAVID GARCIA MANJARREZ,CESAR,VALLEDUPAR,VIVIENDAS TURÍSTICAS,0,APARTAMENTO TURÍSTICO,3,6
2024,7,215464,20001,20,ACTIVO,HOSTAL LA CASA DE DIOS,CESAR,VALLEDUPAR,ESTABLECIMIENTOS DE ALOJAMIENTO TURÍSTICO,1,HOSTAL,6,4
2024,7,215476,20001,20,ACTIVO,CAMILA FITNESS & FLY,CESAR,VALLEDUPAR,AGENCIAS DE VIAJES,1,AGENCIA DE VIAJES Y DE TURISMO,0,0
2024,7,215547,20001,20,ACTIVO,HOTEL BOUTIQUE BETANIA.,CESAR,VALLEDUPAR,ESTABLECIMIENTOS DE ALOJAMIENTO TURÍSTICO,1,HOTEL,40,22
2024,7,215838,20001,20,ACTIVO,GUATAPURI PRODUCCIONES,CESAR,VALLEDUPAR,OPERADORES PROFESIONALES DE CONGRESOS FERIAS Y CONVENCIONES,1,OPERADOR PROFESIONAL DE CONGRESOS FERIAS Y CONVENCIONES,0,0
2024,7,215945,20001,20,ACTIVO,CASA HOSTAL 1321,CESAR,VALLEDUPAR,ESTABLECIMIENTOS DE ALOJAMIENTO TURÍSTICO,1,HOSTAL,10,10
2024,7,216042,20001,20,ACTIVO,SIC  SERVICIOS INTEGRALES DE LA COSTA,CESAR,VALLEDUPAR,OPERADORES PROFESIONALES DE CONGRESOS FERIAS Y CONVENCIONES,1,OPERADOR PROFESIONAL DE CONGRESOS FERIAS Y CONVENCIONES,0,0
2024,7,216054,20001,20,ACTIVO,EDGAR HAMETH CARIACIOLO IGLESIAS,CESAR,VALLEDUPAR,VIVIENDAS TURÍSTICAS,0,APARTAMENTO TURÍSTICO,1,1
2024,7,216371,20001,20,ACTIVO,PRO DESARROLLO SOCIAL Y AMBIENTAL,CESAR,VALLEDUPAR,OPERADORES PROFESIONALES DE CONGRESOS FERIAS Y CONVENCIONES,1,OPERADOR PROFESIONAL DE CONGRESOS FERIAS Y CONVENCIONES,0,0
2024,7,216471,20001,20,ACTIVO,SERVICIO DE TRANSPORTE ESPECIAL Y CARGA SETRANS,CESAR,VALLEDUPAR,EMPRESAS DE TRANSPORTE TERRESTRE AUTOMOTOR,1,TRANSPORTE TERRESTRE AUTOMOTOR ESPECIAL,0,0
2024,8,217265,20001,20,ACTIVO,EDUARDO  LUIS NUÑEZ SOTO,CESAR,VALLEDUPAR,VIVIENDAS TURÍSTICAS,0,APARTAMENTO TURÍSTICO,1,7
2024,8,217645,20001,20,ACTIVO,PEDRO EMILIO HERAZO GARAY,CESAR,VALLEDUPAR,VIVIENDAS TURÍSTICAS,0,APARTAMENTO TURÍSTICO,1,1
2024,8,217670,20001,20,ACTIVO,ALEXANDRA  MONTOYA VILLARREAL,CESAR,VALLEDUPAR,VIVIENDAS TURÍSTICAS,0,APARTAMENTO TURÍSTICO,4,30
2024,8,217779,20001,20,ACTIVO,ANA ISABEL IPS,CESAR,VALLEDUPAR,OPERADORES PROFESIONALES DE CONGRESOS FERIAS Y CONVENCIONES,1,OPERADOR PROFESIONAL DE CONGRESOS FERIAS Y CONVENCIONES,0,0
2024,8,217788,20001,20,ACTIVO,BEEVENTO,CESAR,VALLEDUPAR,OPERADORES PROFESIONALES DE CONGRESOS FERIAS Y CONVENCIONES,1,OPERADOR PROFESIONAL DE CONGRESOS FERIAS Y CONVENCIONES,0,0
2024,8,217863,20001,20,ACTIVO,D´VIAJE KDM,CESAR,VALLEDUPAR,AGENCIAS DE VIAJES,2,AGENCIA DE VIAJES OPERADORAS,0,0
2024,8,218634,20001,20,ACTIVO,MAIRA ALEJANDRA COGOLLO RIOS,CESAR,VALLEDUPAR,VIVIENDAS TURÍSTICAS,0,APARTAMENTO TURÍSTICO,1,4
2024,8,219084,20001,20,ACTIVO,OBREGON SALAZAR MAURICIO FERLEY,CESAR,VALLEDUPAR,GUIAS DE TURISMO,0,GUIA DE TURISMO,0,0
2024,8,219194,20001,20,ACTIVO,HOSPEDAJE MIS 4 S.C,CESAR,VALLEDUPAR,ESTABLECIMIENTOS DE ALOJAMIENTO TURÍSTICO,1,HOSTAL,15,23
2024,8,219618,20001,20,ACTIVO,RODOLFO RAFAEL BOLAÑO ARZUAGA,CESAR,VALLEDUPAR,VIVIENDAS TURÍSTICAS,0,APARTAMENTO TURÍSTICO,6,4
2024,9,220160,20001,20,ACTIVO,JAG  OPERADORES LOGISTICOS EMPRESARIALES,CESAR,VALLEDUPAR,OPERADORES PROFESIONALES DE CONGRESOS FERIAS Y CONVENCIONES,2,OPERADOR PROFESIONAL DE CONGRESOS FERIAS Y CONVENCIONES,0,0
2024,9,220167,20001,20,ACTIVO,ZAHHAR AQ,CESAR,VALLEDUPAR,VIVIENDAS TURÍSTICAS,1,CASA TURÍSTICA,4,10
2024,9,220636,20001,20,ACTIVO,RESTREPO CARDONA GUILLERMO,CESAR,VALLEDUPAR,VIVIENDAS TURÍSTICAS,0,OTRO TIPO DE VIVIENDA TURÍSTICA,5,16
2024,9,221571,20001,20,ACTIVO,UPAR TRAVEL,CESAR,VALLEDUPAR,AGENCIAS DE VIAJES,1,AGENCIA DE VIAJES OPERADORAS,0,0
2024,9,221573,20001,20,ACTIVO,HOTEL LA CEIBA 8A,CESAR,VALLEDUPAR,ESTABLECIMIENTOS DE ALOJAMIENTO TURÍSTICO,0,HOTEL,11,20
2024,9,221575,20001,20,ACTIVO,HOTEL IBIZA UPAR,CESAR,VALLEDUPAR,ESTABLECIMIENTOS DE ALOJAMIENTO TURÍSTICO,2,HOTEL,3,5
2024,9,221632,20001,20,ACTIVO,ZAIDA LILIANA POVEDA VANEGAS,CESAR,VALLEDUPAR,VIVIENDAS TURÍSTICAS,0,APARTAMENTO TURÍSTICO,1,6
2024,9,221678,20001,20,ACTIVO,JUNCO & ASOCIADOS INMOBILIARIA S A S,CESAR,VALLEDUPAR,VIVIENDAS TURÍSTICAS,0,APARTAMENTO TURÍSTICO,1,6
2024,10,223163,20001,20,ACTIVO,SAMIR ADOLFO SUAREZ OSPINO,CESAR,VALLEDUPAR,VIVIENDAS TURÍSTICAS,0,APARTAMENTO TURÍSTICO,1,5
2024,10,223259,20001,20,ACTIVO,ANA MILENA MOJICA SIERRA,CESAR,VALLEDUPAR,VIVIENDAS TURÍSTICAS,0,APARTAMENTO TURÍSTICO,4,4
2024,10,223573,20001,20,ACTIVO,TOUR LA PROVINCIA,CESAR,VALLEDUPAR,AGENCIAS DE VIAJES,1,AGENCIA DE VIAJES OPERADORAS,0,0
2024,10,223961,20001,20,ACTIVO,HOSTAL LA LEYENDA VALLENATA,CESAR,VALLEDUPAR,ESTABLECIMIENTOS DE ALOJAMIENTO TURÍSTICO,1,HOSTAL,6,6
2024,10,224112,20001,20,ACTIVO,CAROL    MARCELA BOBADILLA   PEREZ,CESAR,VALLEDUPAR,VIVIENDAS TURÍSTICAS,0,FINCA TURISTICA (ALOJAMIENTO RURAL),2,8
2024,10,224280,20001,20,ACTIVO,MGM GRUPO EMPRESARIAL,CESAR,VALLEDUPAR,OPERADORES PROFESIONALES DE CONGRESOS FERIAS Y CONVENCIONES,1,OPERADOR PROFESIONAL DE CONGRESOS FERIAS Y CONVENCIONES,0,0
2024,10,224340,20001,20,ACTIVO,SHOES ERIKA HERAZO,CESAR,VALLEDUPAR,AGENCIAS DE VIAJES,1,AGENCIA DE VIAJES OPERADORAS,0,0
2024,10,224652,20001,20,ACTIVO,PACHECO ORTIZ ISABELLA ANDREA,CESAR,VALLEDUPAR,VIVIENDAS TURÍSTICAS,0,APARTAMENTO TURÍSTICO,1,6
2024,10,224877,20001,20,ACTIVO,ANDY YISAR GARCIA JUYO,CESAR,VALLEDUPAR,VIVIENDAS TURÍSTICAS,0,CASA TURÍSTICA,1,5
2024,10,224909,20001,20,ACTIVO,AMANECER DEL VALLE,CESAR,VALLEDUPAR,VIVIENDAS TURÍSTICAS,1,CASA TURÍSTICA,8,12
2024,10,224916,20001,20,ACTIVO,AGENCIA DE VIAJES PAJARITO,CESAR,VALLEDUPAR,AGENCIAS DE VIAJES,1,AGENCIA DE VIAJES Y DE TURISMO,0,0
2024,10,225288,20001,20,ACTIVO,HOTEL JULIMART,CESAR,VALLEDUPAR,ESTABLECIMIENTOS DE ALOJAMIENTO TURÍSTICO,4,HOTEL,18,39
2024,10,225435,20001,20,ACTIVO,ANDRES MAURICIO GOMEZ REYES,CESAR,VALLEDUPAR,VIVIENDAS TURÍSTICAS,0,CASA TURÍSTICA,6,6
2024,10,225616,20001,20,ACTIVO,JOSE ALBERTO OROZCO TOVAR,CESAR,VALLEDUPAR,VIVIENDAS TURÍSTICAS,0,OTRO TIPO DE VIVIENDA TURÍSTICA,1,1
2024,11,225731,20001,20,ACTIVO,YEFIMY ENRIQUE VARELA SUAREZ,CESAR,VALLEDUPAR,VIVIENDAS TURÍSTICAS,0,CASA TURÍSTICA,4,10
2024,11,226344,20001,20,ACTIVO,BYRON FERNANDO REALES GONGORA,CESAR,VALLEDUPAR,VIVIENDAS TURÍSTICAS,0,APARTAMENTO TURÍSTICO,1,6
2024,11,226347,20001,20,ACTIVO,BYRON FERNANDO REALES GONGORA,CESAR,VALLEDUPAR,VIVIENDAS TURÍSTICAS,0,APARTAMENTO TURÍSTICO,1,6
2024,11,226534,20001,20,ACTIVO,GUZTO,CESAR,VALLEDUPAR,AGENCIAS DE VIAJES,1,AGENCIA DE VIAJES Y DE TURISMO,0,0
2024,11,226548,20001,20,ACTIVO,PROLOGIST DE LA COSTA,CESAR,VALLEDUPAR,OPERADORES PROFESIONALES DE CONGRESOS FERIAS Y CONVENCIONES,3,OPERADOR PROFESIONAL DE CONGRESOS FERIAS Y CONVENCIONES,0,0
2024,11,226886,20001,20,ACTIVO,VERGARA DURAN GUSTAVO ADOLFO,CESAR,VALLEDUPAR,VIVIENDAS TURÍSTICAS,0,CASA TURÍSTICA,1,6
2024,11,226892,20001,20,ACTIVO,VERGARA DURAN GUSTAVO ADOLFO,CESAR,VALLEDUPAR,VIVIENDAS TURÍSTICAS,0,APARTAMENTO TURÍSTICO,1,12
2024,11,227133,20001,20,ACTIVO,HOTEL REAL DEL VALLE BOUTIQUE,CESAR,VALLEDUPAR,ESTABLECIMIENTOS DE ALOJAMIENTO TURÍSTICO,1,HOTEL,18,36
2024,11,227136,20001,20,ACTIVO,HOTEL EL BOSQUE BOUTIQUE,CESAR,VALLEDUPAR,ESTABLECIMIENTOS DE ALOJAMIENTO TURÍSTICO,1,HOTEL,36,72
2024,11,227500,20001,20,ACTIVO,CAROLINA ESTHER RUIZ NUÑEZ,CESAR,VALLEDUPAR,GUIAS DE TURISMO,0,GUIA DE TURISMO,0,0
2024,11,227970,20001,20,ACTIVO,LINA PATRICIA CORTES CORTES,CESAR,VALLEDUPAR,VIVIENDAS TURÍSTICAS,0,APARTAMENTO TURÍSTICO,1,6
2024,12,228476,20001,20,ACTIVO,LEIDY DIANA MIELES CALDERON,CESAR,VALLEDUPAR,VIVIENDAS TURÍSTICAS,0,APARTAMENTO TURÍSTICO,2,2
2024,12,228480,20001,20,ACTIVO,MIELES CALDERON LEIDY DIANA,CESAR,VALLEDUPAR,VIVIENDAS TURÍSTICAS,0,APARTAMENTO TURÍSTICO,2,1
2024,12,229033,20001,20,ACTIVO,MILDRED CRISTINA TOVAR GARCIA,CESAR,VALLEDUPAR,VIVIENDAS TURÍSTICAS,0,APARTAMENTO TURÍSTICO,10,6
2024,12,229403,20001,20,ACTIVO,YIRA MARCELA SALAZAR CASTILLA,CESAR,VALLEDUPAR,VIVIENDAS TURÍSTICAS,0,APARTAMENTO TURÍSTICO,1,4
2024,12,230158,20001,20,ACTIVO,CORPORACIÓN NACIONAL DE CULTURA Y TURISMO,CESAR,VALLEDUPAR,OPERADORES PROFESIONALES DE CONGRESOS FERIAS Y CONVENCIONES,1,OPERADOR PROFESIONAL DE CONGRESOS FERIAS Y CONVENCIONES,0,0
2024,12,230559,20001,20,ACTIVO,INVERSIONES FERCOT,CESAR,VALLEDUPAR,ESTABLECIMIENTOS DE ALOJAMIENTO TURÍSTICO,1,APARTAHOTEL,15,15
